Judul,Jenis,User Aktif
Penyebab Wanita Gagal Raih Orgasme Saat Bercinta Salah Satunya Kurang Stimulasi,Health,9
6 Potret Perayaan Ulang Tahun Okie Agustina ke-40 Riasannya Bikin Pangling,Hot,7
Bacaan Doa Setelah Sholat Tahajud Rasulullah SAW Arab Latin dan Artinya,Islami,7
Ternyata Pihak-Pihak Ini yang Disebut Punya Bitcoin Terbanyak di Dunia,Crypto,6
Rekomendasi Film-Film Seru di Bioskop Sepanjang September 2022 Cek Tanggal Tayangnya,Regional,6
Manfaat Sholat Istikharah Tata Cara Niat Doa dan Waktu Terbaik,Regional,6
Pertama Populasi Islam di Inggris Tembus 3 Juta Orang pada Masa Ratu Elizabeth II,Islami,5
Jung Chaeyeon Cedera Saat Syuting Golden Spoon Patah Tulang Selangka dan Ada Gejala Gegar Otak,ShowBiz,5
Wajah Istri Sultan Kelantan yang Pernah Bersengketa dengan Miss Moscow Terlihat untuk Pertama Kali,Lifestyle,5
Nonton Video Porno Bareng Pasangan Beri Dampak Positif atau Justru Negatif?,Health,5
4 Pelaku Pemerkosaan Remaja 13 Tahun di Hutan Kota Jakut Ternyata Anak di Bawah Umur,News,5
Polisi Usut Kasus Bocah 12 Tahun di Medan Jadi Korban Pelecehan Periksa 8 Saksi,Regional,4
Cara Ubah Tampilan Notifikasi iPhone di iOS 16 Agar Lebih Mudah Dibaca,Tekno,4
2 Kasus Razman Arif Nasution Naik ke Level Penyidikan Dugaan Ijazah Palsu dan Pencemaran Nama Baik,ShowBiz,4
Prediksi Algoritma Piala Dunia 2022 Setuju Argentina Juaranya?,Bola,4
Sinopsis Rise Of The Planet Of The Apes Tayang Malam Ini di TV Petaka Uji Coba Obat Alzheimer yang Meningkatkan Kecerdasan Simpanse,ShowBiz,4
Skintific Meluncurkan Produk Cushion dengan Kandungan Serum Setelah Banyak Skincare yang Ampuh dan Laris,ShowBiz,4
Sudah Dilarang FIFA PSSI Ungkap Alasan Pihak Keamanan Menembakkan Gas Air Mata di Tragedi Kanjuruhan,Bola,4
Doa Agar Diberi Keturunan Anak Laki-Laki,Islami,4
Cuek dengan Isu Perselingkuhan Behati Prinsloo Tertangkap Kamera Temani Adam Levine Manggung,Health,4
Prediksi Dolar AS Bakal Anjlok pada 2023 Penulis Ini Lihat Peluang Bitcoin,Crypto,4
Catat Jam Operasi dan 26 Titik Ganjil Genap Jakarta Hari Ini Jumat 7 Oktober 2022,News,4
Kenalan dengan Token Kripto Kaspa Coin,Crypto,4
Skrining Hormon Tiroid pada Bayi Baru Lahir Bisa Cegah Gangguan Tumbuh Kembang Anak,Health,4
Top 3: Unggahan Ayah Tegar Sinar Ramadhan Mahasiswa UGM yang Meninggal Jadi Sorotan Netizen,Citizen6,3
IQ Rata-Rata di 11 Negara Asia Tenggara Indonesia Nyaris Peringkat Terakhir,Health,3
5 Dampak Buruk Keseringan Onani,Citizen6,3
Ini Sosok Dilan Cepmek Viral di TikTok hingga Twitter,Citizen6,3
Sinopsis Mr. Harrigan's Phone Kejadian Misterius yang Dialami Remaja Usai Menyelipkan Ponsel ke dalam Peti Mati Seorang Kakek,ShowBiz,3
Bacaan Doa Panjang Umur Peroleh Limpahan Berkah untuk Diri Sendiri dan Orang Lain,Islami,3
3 Kandidat Penyanyi di Upacara Pembukaan Piala Dunia 2022 Ada Shakira dan BTS,Bola,3
Cara Beli Paket Langganan Disney+ Hotstar Setahun Rp 69 Ribu via Grab,Tekno,3
INFJ hingga ENTP Ini 5 Tipe Kepribadian Paling Langka,Citizen6,3
Dibayangi Resesi Harga Emas Bakal Melambung di 2023?,Bisnis,3
Kim Sejeong Ahn Hyo Seop dan Chicco Jerikho Adu Akting dalam Mini Content Terbaru,Citizen6,3
Sederet Idol Kpop Bakal Manggung di Indonesia hingga 2023 Mendatang Catat Waktunya!,Citizen6,3
Skuad Timnas Inggris di Piala Dunia 2022 Segera Diumumkan Siapa Bakal Terpilih?,Bola,3
Panduan Cara Menggelar Nobar Piala Dunia 2022 dan Liga Inggris,Bola,3
Bocah SD Ditusuk Usai Pulang Mengaji Keluarga Sebut Tak Punya Masalah dengan Siapa pun,Regional,3
Libra hingga Taurus 4 Zodiak Ini Jadi yang Paling Beruntung di Tahun 2023,Citizen6,3
Wisatawan Indonesia Bisa Kunjungi Korea Selatan Bebas Visa tapi...,Lifestyle,3
Drakor Populer One Dollar Lawyer Akan Tamat di Episode ke-12 Penonton Kecewa,ShowBiz,3
6 Potret Terbaru Artis Cilik Nizam di Buku Harian Baim Disebut Mirip Jerome Polin,Hot,3
Erep-Erep atau Ketindihan Saat Tidur Benarkah karena Gangguan Makhluk Halus?,Islami,3
4 Fakta Unik Film Perfect Strangers Bikin Penasaran!,Citizen6,3
Kumpulan Hoaks Deklarasi Dukungan Anies Baswedan Jadi Presiden dari Muhammadiyah Hingga Keuskupan Agung Jakarta,Cek,3
Kemnaker Targetkan BSU Cair 100 Persen di November 2022,Bisnis,3
Ramalan Zodiak November Ini Cek Tanggal Keberuntunganmu,Regional,3
Indonesia Resmi Jadi Negara Ekonomi Terbesar ke-7 Dunia Salip Inggris,Bisnis,3
Kronologi Itaewon Berubah Jadi Pusat Tragedi Halloween,Lifestyle,3
Kronologi Tragedi Halloween Itaewon yang Sebabkan Ratusan Korban Jiwa,Health,3
Cara Setting STB TV Digital Gampang dan Enggak Ribet,Tekno,2
Dugaan Kesaksian Palsu ART Sambo dan Kecurigaan Jaksa Soal Penggunaan Earphone,News,2
Mau Beli Logam Mulia? Cek Harga Emas Pegadaian di Awal November 2022,Bisnis,2
Terbaru Mulan Jameela Ini 6 Artis Indonesia yang Meraih Gelar Sarjana di Usia 40 Tahun ke Atas,ShowBiz,2
Sinopsis Drama 'Curtain Call' Kisah Kang Haneul Menjadi Pembelot Korut,Regional,2
Cara Pindah dari TV Analog ke TV Digital,Tekno,2
Lee Jihan Disebut Meninggal Saat Selamatkan Gadis Kecil di Tragedi Halloween Itaewon,Citizen6,2
Orasi di Wisuda Universitas Pancasila Ganjar Yakin Indonesia Jadi Negara Maju,News,2
Cara Membuat Akun PPPK Guru 2022 di Sscasn.bkn.go.id Wajib Saat Mendaftar,Bisnis,2
Guardiola Yakin Walker dan Kalvin Phillips Bisa Main di Piala Dunia Tapi Terserah Inggris,Bola,2
Ibu dan 2 Anaknya Terlibat Kecelakaan Maut di Katingan,Regional,2
Lesti Kejora Dikabarkan Hamil Anak Kedua Ini 6 Potretnya Bareng Rizky Billar,Hot,2
Apakah TV Tabung Bisa untuk Nonton Siaran TV Digital?,Tekno,2
Sinopsis Armour Of God Tayang Malam Ini di Indosiar Jackie Chan Jadi Pemburu Harta Karun yang Diteror Sekte Sesat,ShowBiz,2
HEADLINE: ASO Alihkan Siaran TV Analog ke TV Digital Apa Perbedaan Keunggulan dan Manfaatnya?,Tekno,2
Infinix Hot 20S Meluncur Harga Rp 2 Jutaan,Tekno,2
Tidak Semua TV LED Merupakan TV Digital Ini Ciri-cirinya,Tekno,2
Tidak Semua TV LED Merupakan TV Digital Ini Ciri-cirinya,Tekno,2
5 Update Tentang Avatar 2 The Way of Water dari Sinopsis hingga Jadwal Rilis serta Durasi yang Disebut Lebih dari 3 Jam,ShowBiz,2
Cek Fakta: Tidak Benar dalam Video Ini Rusia Kerahkan 9000 Pasukan ke Perbatasan Indonesia-Australia,Cek,2
Cek Fakta: Tidak Benar dalam Video Ini Rusia Kerahkan 9000 Pasukan ke Perbatasan Indonesia-Australia,Cek,2
Cek Dulu Lewat Pospay Begini Cara Cairkan BSU Tahap 7 Lewat Pos Indonesia,Bisnis,2
Harga Saham GOTO Kembali Menghijau pada Sesi I Hari Ini 3 November 2022,Saham,2
Cara Daftar Akun SSCASN BKN buat Daftar Lowongan PPPK Guru 2022,Bisnis,2
Warganet Pertanyakan Masih Ada Stasiun TV Swasta Siarkan TV Analog,Tekno,2
Siarkan Seluruh Pertandingan NEX Parabola Pemegang Hak Siar Tunggal Piala Dunia 2022 di TV Satelit,Bola,2
Link Video Mesum Wanita Kebaya Merah Jadi Buruan Ini Hukum Menonton Video Porno,Islami,2
Kapan Pendaftaran PPPK Teknis 2022 Dibuka Inikah Jadwalnya?,Bisnis,2
Harga Minyak Dunia Mengucur Turun 2 Persen Imbas Kebijakan China dan Amerika,Bisnis,2
Kisah Hidup Bunda Corla di Jerman Disorot Media Deutsche Welle,Global,2
Bocoran Spesifikasi Samsung Galaxy S23 Ultra,Tekno,2
Bocoran Spesifikasi Samsung Galaxy S23 Ultra,Tekno,2
5 Potret NCT 127 di Bandara Jelang Konser Neo City: Jakarta - The Link Lepas Jaket Setelah Tiba di Indonesia,ShowBiz,2
Kominfo: Pembagian Set Top Box Gratis di Jabodetabek Capai 993 Persen,Tekno,2
Layani BSU 2022 Kantor Pos Indonesia Buka Senin-Minggu hingga Pukul 20.00 WIB,Bisnis,2
Kisah Pilu Bunda Corla Salat Tahajud Sambil Nangis Minta Kerjaan Ke Tuhan Setelah Menjanda di Jerman,ShowBiz,2
Link Download Google Play Games PC Beta Main Game Android Tanpa Emulator,Tekno,2
Nagita Slavina dan RANS Trending Usai Disebut Beli Jersey Palsu untuk Cipung Akun JerseyForum Langsung Minta Maaf,ShowBiz,2
Kenalan dengan GALA Coin Token Kripto Utilitas Ekosistem Gala Games,Crypto,2
Prediksi AC Milan vs Spezia di Liga Italia: Bukan Lawan Mudah,Bola,2
Banyak Penonton Pingsan Konser NCT 127 di Tangerang Selatan Terpaksa Dibubarkan,ShowBiz,2
Harga Emas Dunia Hari Ini Meroket 3 Persen Ini Pemicunya,Bisnis,2
Polisi Federal Australia Temukan Kejahatan Kripto Kian Bertambah,Crypto,2
Survei CNN: Pelaku Usaha Indonesia Ingin Airlangga Capres 2024,News,2
Debut di Usia Belia Ini Potret 15 Idol Kpop yang Kini jadi Bintang Top,Citizen6,2
6 Momen Romantis Thoriq Halilintar Beri Cicin ke Fuji Jadi Lambang Keseriusan,Hot,2
Sering Merasa Lelah Walau Sudah Tidur 8 Jam? Ternyata Ini Penyebabnya,Global,2
Parade Surabaya Juang 2022 Digelar Besok Cek Rekayasa Lalu Lintasnya,Surabaya,2
Enola Holmes 2 Resmi Tayang Misi Pencarian Sarah Chapman Dimulai,Citizen6,2
Rekam Jejak Fallincy Mbak Topi Subak Musuh Bersama Fans NCT 127 dan Kpopers,Citizen6,2
Rekam Jejak Fallincy Mbak Topi Subak Musuh Bersama Fans NCT 127 dan Kpopers,Citizen6,2
Rekam Jejak Fallincy Mbak Topi Subak Musuh Bersama Fans NCT 127 dan Kpopers,Citizen6,2
Sehun EXO Ternyata Pernah Emoh Menyapa Fans Setia Gara-Gara Apa?,Citizen6,2
Jadwal Lengkap Sidang Ferdy Sambo Cs Pekan Depan,News,2
Saksikan Mega Series Indosiar Panggilan Dibintangi Gita Sinaga dan Habibi Sabtu 5 November 2022 Malam Via Live Streaming Indosiar di Sini,ShowBiz,2
Saksikan Sinetron Cinta Setelah Cinta Sabtu 5 November 2022 Malam Via Live Streaming SCTV di Sini,ShowBiz,2
Sandiaga Uno Soal Pilpres 2024: Seperti Arahan Presiden Jangan Terburu-Buru,News,2
Hasil Hylo Open 2022: Hajar Unggulan 2 Rehan/Lisa Melangkah ke Final,Bola,2
Tenis Meja Asian Games 2018: Tim Putra Indonesia Pencundangi Yaman,Asian,2
9 Aktivitas Orang Sukses Satu Jam Pertama Sebelum Kerja,Bisnis,2
Harganya Rp 13 Triliun Inikah Kapal Pesiar Termahal?,Bisnis,2
Anak Usaha KAI Bangun Mal dan Hotel di Purwokerto,Bisnis,2
10 Negara Produsen Susu Terbesar di Dunia,Bisnis,2
10 Ikat Pinggang Termahal di Dunia Seperti Apa?,Bisnis,2
5 Strategi Pemasaran Biar Dagangan Laris Manis,Bisnis,2
Nestle Buka Lowongan Kerja Buruan Daftar!,Bisnis,2
Kisah Perjuangan Ibu di Balik Kesuksesan Orang Terkaya Dunia,Bisnis,2
3 Masalah Ketenagakerjaan di Freeport Indonesia,Bisnis,2
Macam Macam Pasar dan Contohnya Lengkap dengan Pengertiannya,Bisnis,2
Daftar Terbaru 100 Orang Terkaya Dunia versi Forbes Ada dari Indonesia,Bisnis,2
6 Merek Skincare yang Tak Mahal Sekaligus Aman Buat Ibu Hamil,Bisnis,2
8 Minuman Anggur Termahal di Dunia,Bisnis,2
INKA Ingin Inalum Pasok Bahan Baku Buat Badan Kereta,Bisnis,2
Ternyata Ini Alasan Air Pipa Tak Bisa Langsung Diminum,Bisnis,2
Ingin Tahu Anda Cocok Tidak Jadi Pengusaha? Kenali Tanda-Tandanya,Bisnis,2
Jawaban Tepat Saat Ditanya Alasan Pilih Melamar Kerja di Satu Perusahaan,Bisnis,2
Kilas Balik Dampak Pandemi Covid-19 ke Ekonomi Dunia dan Indonesia,Bisnis,2
Daftar PPPK pada Seleksi CPNS 2021 Tidak Bisa Pilih Instansi? Ini Penjelasan BKN,Bisnis,2
Ayo Daftar Dibuka 19 Posisi Lowongan Kerja di Rumah Sakit Ini,Bisnis,2
Pelanggan PGN Kini Bisa Sampaikan Aduan via Whatsapp Begini Caranya,Bisnis,2
Ketahui Ambang Batas Soal dan Bobot Nilai agar Lulus Seleksi Kompetensi PPPK Guru,Bisnis,2
Temukan Oknum Penyalur KUR yang Nakal? Laporkan ke Call Center Kemenkop UKM,Bisnis,2
HEADLINE: Tenaga Honorer Instansi Pemerintah Dihapus pada 2023 Efeknya?,Bisnis,2
Agen BRILink Fasilitasi Pengajuan Kredit Ultra Mikro yang Jadi Andalan Pelaku Usaha,Bisnis,2
Pengertian Ekspor dan 13 Komponen Biaya yang Harus Eksportir Ketahui Apa Saja?,Bisnis,2
BRImo Punya Fitur Transfer Internasional Tukar Valas hingga Transfer Uang Semakin Praktis,Bisnis,2
Erick Thohir Bakal Buka Lagi Lowongan Kerja Besar-Besaran di BUMN Akhir 2022,Bisnis,2
Erick Thohir Bakal Buka Lagi Lowongan Kerja Besar-Besaran di BUMN Akhir 2022,Bisnis,2
Ibu Hamil Bisa Dapat BLT PKH Rp 3 Juta Gimana Caranya?,Bisnis,2
Daftar 7 Investasi Bodong yang Disetop SWI Awas Tertipu!,Bisnis,2
Begini Cara Mengurus Perubahan Identitas Diri di KK KTP hingga Akta,Bisnis,2
OJK Punya Aturan Baru Pinjol Bakal Naik Kelas,Bisnis,2
Ini 10 Produsen Gas Terbesar di Indonesia,Bisnis,2
OJK Bongkar Tantangan Pengembangan BPR Mulai dari Modal hingga SDM,Bisnis,2
IKN Nusantara Sudah Mulai Dibangun Ini Daftar Proyeknya,Bisnis,2
Cara Membubuhkan Meterai Elektronik Saat Daftar Seleksi PPPK 2022 Disimak Nih!,Bisnis,2
HEADLINE: Mengerek Tarif Cukai Rokok Naik 10 Persen di 2023 hingga 2024 Efektif Tekan Jumlah Perokok?,Bisnis,2
Jaga Ketahanan Energi Nasional Pertamina Agresif Bor Sumur,Bisnis,2
Harga Emas Antam Hari Ini Menggila Naik Rp 15.000 per Gram,Bisnis,2
Sudah Berdiri Sekolah KAI Minta Eksekusi Aset di Bandung Ditunda,Bisnis,2
Bisnis Asuransi Jiwa Bakal Booming di 2023,Bisnis,2
Citilink Terima Airbus A320 Terbaru ke-23,Bisnis,2
6 Alasan Lebih Baik Meniti Karir di Perusahaan Besar,Bisnis,2
5 Sifat Egois Pemain yang Jadi Momok Keharmonisan Tim Sepak Bola,Bola,2
Ibrahimovic Tantang Ronaldo Cetak Gol Salto dari 40 Meter,Bola,2
5 Fakta Menarik Striker Anyar Chelsea yang Jarang Diketahui Publik,Bola,2
5 Pesepak Bola Ini Berstatus Prajurit TNI,Bola,2
Fans Chelsea Komentari Kemiripan Nadeo Argawinata dan Kepa Arrizabalaga,Bola,2
10 WAGs Berpenghasilan Tinggi di Media Sosial Istri Bek Barcelona Teratas,Bola,2
Marc Marquez Ungkap Siapa Musuh Terberatnya di MotoGP 2020,Bola,2
7 Rempah-Rempah yang Berguna Menjaga Kesehatan Jantung,Bola,2
4 Bacaan Zikir yang Disukai Allah SWT usai Menjalankan Sholat,Bola,2
Pelatih Leicester Kagum Lihat Efek Berpuasa Bagi Penampilan Pemain Muslim,Bola,2
Sedang Berlangsung Live Streaming Final Badminton Olimpiade Tokyo 2020 Greysia / Apriyani di Vidio,Bola,2
Siap-Siap Klub BRI Liga 1 Segera Muncul di Game eFootball / PES,Bola,2
5 Negara Afrika yang Lolos ke Piala Dunia 2022,Bola,2
Jeka Saragih Menang di Road to UFC Pecahkan Rekor,Bola,2
Jadi Official Broadcaster Liga Inggris Vidio Bangun Euforia Sepak Bola Tanah Air dengan Datangkan Michael Owen,Bola,2
Daftar Calon Lawan MU di Play-Off Knock-Out Liga Europa Ngeri-Ngeri,Bola,2
Ungkap Borok Alejandro Garnacho di Tur Pramusim MU Bruno Fernandes Justru Menuai Kecaman,Bola,2
Hasil Liga Inggris: 10 Orang Manchester City Menang Dramatis Atas Fulham,Bola,2
Timnas Togo Tolak Main di Libya,Bola,2
,Bola,2
[Cek Fakta] Benarkah Merek Pakaian GAP Adalah Singkatan dari 'Gay and Proud'?,Cek,2
[Cek Fakta] Air Mineral Aqua Berbahaya untuk Dikonsumsi?,Cek,2
Cek Fakta: Kirim IMEI ke Alamat Email[REDACTED EMAIL].net Jika Ponsel Hilang Benarkah?,Cek,2
Kumpulan Hoaks Politik di Tanah Air,Cek,2
Cek Fakta: Benarkah Daun Binahong Bisa Sembuhkan Batuk Darah hingga Lemah Syahwat?,Cek,2
Cek Fakta: Benarkah Merendam Kaki dengan Minyak Tanah Garam dan Es Bisa Sembuhkan Asam Urat?,Cek,2
Cek Fakta: Tidak Benar Jajanan dalam Foto Ini Mengandung Narkoba dan Beracun,Cek,2
Cek Fakta: Chip di E-KTP Dipasangi GPS yang Bisa Melacak Posisi Pemiliknya? Simak Faktanya,Cek,2
Cek Fakta: Benarkah Resep Ini Bisa Membuat Mr P Menjadi Tahan Lama? Simak Kebenarannya,Cek,2
Cek Fakta: Benarkah Resep Ini Bisa Membuat Mr P Menjadi Tahan Lama? Simak Kebenarannya,Cek,2
Cek Fakta: Tidak Benar dalam Foto Ini Bendera dan Atribut PDIP Dilarang Beredar di Sumatera Barat,Cek,2
Cek Fakta: Tidak Benar Pria dalam Video Ini Merupakan Manusia Tertua di Dunia asal Vietnam,Cek,2
7 Simbol Illuminati dan Maknanya,Citizen6,2
12 Alasan Cewek Suka Cowok Berjenggot,Citizen6,2
7 Bahasa Tubuh Cowok Beserta Maknanya Ada di Sini,Citizen6,2
7 Bahasa Tubuh Cowok Beserta Maknanya Ada di Sini,Citizen6,2
5 Film Dokumenter tentang Prostitusi yang Paling Populer,Citizen6,2
Rekam Diam-diam Percakapan Pacar Kamu dengan Aplikasi Ini,Citizen6,2
7 Macam Kepribadian dari Bentuk Kaki Kamu yang Mana?,Citizen6,2
6 Selebgram Pria Ini Lebih Cantik Dibanding Wanita,Citizen6,2
Heboh Festival Pegang Payudara di Singapura,Citizen6,2
Paul Kern Manusia yang Tak Pernah Tidur Selama 40 Tahun,Citizen6,2
Ini Alasan Mengapa Telur Sebaiknya Dikukus Ketimbang Direbus,Citizen6,2
Malapraktik Vagina Gadis Cantik Ini Berubah Fungsi,Citizen6,2
Kata-Kata Bijak Fidel Castro yang Dapat Mengubah Hidupmu,Citizen6,1
Begini Cara Mengatasi Bintik Merah di Kulit Pertanda Tumor Jinak,Citizen6,1
Terungkap Mengapa Botol Bir Selalu Berwarna Hijau dan Cokelat,Citizen6,1
Tak Perlu Service 8 Trik Ini Atasi Tombol Home iPhone yang Rusak,Citizen6,1
12 Macam Kepribadian dari Bentuk Payudara Kamu yang Mana?,Citizen6,1
Begini Cara Mengetahui Kecocokan Pernikahan Menurut Weton,Citizen6,1
Pijat Bagian Ini Selama 60 Detik Rasakan Manfaatnya Luar Biasa,Citizen6,1
Kepribadian Seseorang Bisa Terungkap dari Tatapannya,Citizen6,1
Masih Misteri 6 Penemuan Ini Membuat Peneliti Kebingungan,Citizen6,1
7 Alasan Pria Beristri Jatuh Cinta dengan Wanita Lain,Citizen6,1
Cantiknya Vanina Amalia Hidayat Istri Dean Fujioka Asal Indonesia,Citizen6,1
Ungkap Kekuatan dari Jenis Batu Sesuai Kelahiran Kamu yang Mana?,Citizen6,1
8 Makna Posisi Tahi Lalat di Hidung Lambangkan Kekayaan,Citizen6,1
Mengenal Kota Tanpa Siang di Alaska Tertarik Tinggal di Sini?,Citizen6,1
Ini Lo Alasan Kenapa Wanita Mudah Nangis Saat Punya Masalah,Citizen6,1
Terinspirasi Film Forrest Gump Pria Ini Melintasi Amerika dengan Berlari,Citizen6,1
Bercinta dengan Anjing Peliharaannya Pasutri Ditahan Polisi,Citizen6,1
4 Suara Hewan yang Dipercaya Pertanda Datangnya Makhluk Halus,Citizen6,1
Kamu Gampang Menangis? Ini 4 Maknanya dari Sisi Psikologis,Citizen6,1
Patut Dicoba Ibu Muda Tidurkan Bayinya dengan 3 Langkah Mudah,Citizen6,1
Jangan Anggap Sepele 5 Warna Kuku Bisa Ungkap Masalah Kesehatanmu,Citizen6,1
Receh Banget Tebak-tebakan Ini Dijamin Bikin Kesal Sekaligus Ngakak,Citizen6,1
30 Kata-kata Cinta Lucu Buat Pacar Kocak dan Bikin Senyum-senyum Sendiri,Citizen6,1
Tanda-tanda Kematian Menurut Islam Haruskah Percaya?,Citizen6,1
Jarang Disadari Ini 5 Alasan Wanita Tinggalkan Pria yang Dicintainya,Citizen6,1
7 Tebak-tebakan Galau Ala Warganet Ini Bikin Ngakak,Citizen6,1
Miliki Kondisi Langka 3 Orang Ini Mampu Hidup Tanpa Jantung,Citizen6,1
7 Kelakuan Cewek Labil Ini Bikin Pacarnya Gemes Sendiri,Citizen6,1
Kata-Kata Anak Racing Buat Pacar atau Gebetan tentang Motivasi dan Cinta,Citizen6,1
Kerajinan Tangan dari Botol Aqua Bekas dan Cara Pembuatannya,Citizen6,1
Hanya Lewat Foto Cara Pria Tebak Tinggi Badan Warganet Ini Jadi Viral,Citizen6,1
12 Arti Tahi Lalat di Anggota Tubuhmu Yuk Dicek,Citizen6,1
Kelewat Rapi Tulisan Tangan di Surat Lamaran Kerja Ini Viral,Citizen6,1
Jangan Minder Orang dengan Tulisan Tangan Jelek Miliki 3 Kelebihan Ini,Citizen6,1
10 Chat Gombal Plesetan Nama Orang versi Netizen Bikin Senyum-Senyum,Citizen6,1
Kocaknya 5 Momen Orang Gagal Bikin Video Tik-Tok Bikin Ketawa Geli,Citizen6,1
6 Cara Alami Menurunkan Tekanan Darah Tinggi dalam Waktu 10 Menit,Citizen6,1
4 Keuntungan yang Dimiliki Orang Berlesung Pipi Bikin Iri,Citizen6,1
Coba Perhatikan 6 Posisi Tidur yang Ungkap Suasana Hati Kucing,Citizen6,1
Ini 6 Alasan Pria Tergila-gila pada Wanita Bertubuh Curvy,Citizen6,1
Takut Membuka Hati Coba 5 Tips Menghilangkan Trauma dalam Percintaan Ini,Citizen6,1
Lakukan 5 Hal Ini Saat Merasa Bosan dengan Hubungan Anda,Citizen6,1
Cari Jajanan Pasar dan Kue Lezat lagi Murah Yuk ke Pasar Kue Subuh Senen,Citizen6,1
Ternyata Ini Penyebab Telinga Berdengung Secara Tiba-tiba,Citizen6,1
4 Alasan Mengapa Orang yang Sarkastik Lebih Cerdas Menurut Penelitian,Citizen6,1
Jangan Pernah Nikahi 9 Tipe Pria Seperti Ini,Citizen6,1
8 Tips Menghadapi Orang yang Menghina Anda Tanpa Menimbulkan Konflik,Citizen6,1
Studi: Semakin Besar Tubuh Bagian Ini Semakin Besar Alat Vitalnya,Citizen6,1
Tata Cara Salat Gerhana Bulan Lengkap dengan Bacaan Doa,Citizen6,1
Panduan Sholat Hajat dan Keutamaannya Lengkap Disertai Doa yang Mustajab,Citizen6,1
Tata Cara Sholat Istikharah Disertai Doa Hapus Keraguan Saat Hadapi Pilihan Berat,Citizen6,1
Tata Cara Sholat Dhuha Dilengkapi Bacaan Niat dan Doa serta Manfaat Menakjubkannya,Citizen6,1
Takut Muntah hingga Suara 5 Jenis Fobia Aneh yang Jarang Terjadi,Citizen6,1
4 Makna Mimpi Berhubungan Seks dengan Mantan Cek di Sini,Citizen6,1
12 Tafsir Mimpi Bertemu Ular Menurut Islam Pertanda Baik hingga Buruk,Citizen6,1
12 Tafsir Mimpi Bertemu Ular Menurut Islam Pertanda Baik hingga Buruk,Citizen6,1
12 Tafsir Mimpi Bertemu Ular Menurut Islam Pertanda Baik hingga Buruk,Citizen6,1
7 Keutamaan Membaca Surat Yasin Lancarkan Rezeki hingga Hindarkan Malapetaka,Citizen6,1
7 Tanda Ini Menunjukkan Mantan Akan Kembali Kepadamu,Citizen6,1
7 Meme Super Kocak Ibu vs Anak Anda Pernah Mengalami?,Citizen6,1
Sering Melihat Angka Kembar Berulang Kali Ini Maknya di Baliknya,Citizen6,1
8 Cara Mengatasi Sikap Posesif Pada Pasangan,Citizen6,1
5 Alasan Pasangan yang Sering Bertengkar Hubungannya Lebih Kuat,Citizen6,1
Ketahui 4 Tanda Pasangan Benar-Benar Tulus Menyayangi Anda,Citizen6,1
Cara Alami Menebalkan Alis dengan Bawang Merah Mudah Dicoba,Citizen6,1
6 Tanda Pria Benar-Benar Cinta atau Hanya Memanfaatkan Anda,Citizen6,1
Hati Menjadi Tenang 5 Keutamaan Sholat Tepat Waktu,Citizen6,1
Jenis Sholat Malam Tanpa Tidur Beserta Keistimewaannya,Citizen6,1
7 Kepribadian Seseorang di Balik Bentuk Bibirnya,Citizen6,1
7 Kepribadian Seseorang di Balik Bentuk Bibirnya,Citizen6,1
5 Tanda Anda Benar-Benar Mencintai Seseorang,Citizen6,1
8 Alasan Suami Tukang Selingkuh Tak Mau Berpisah dengan Istrinya,Citizen6,1
Ketentuan Sholat Jamak Takhir Lengkap dengan Tata Cara dan Niatnya,Citizen6,1
Top 3: Potret Farhan Ramananda Seleb TikTok yang Suka Bikin Konten Lucu,Citizen6,1
Drama Terbaru Han So Hee dan Park Hyung Sik Resmi Tayang Bulan Depan,Citizen6,1
7 Tips Agar Pria Lebih Tahan Lama di Ranjang,Citizen6,1
4 Teori Drama Twenty Five Twenty One yang Bikin Overthinking Penonton,Citizen6,1
Ladies Lakukan 4 Cara Ini untuk Memikat Hati Pria Libra,Citizen6,1
6 Zodiak Ini Jago Berciuman Sanggup Bikin Kamu Kelepek-Kelepek,Citizen6,1
99 Asmaul Husna dan Artinya Lengkap dengan Manfaat Mengamalkannya,Citizen6,1
4 Tanda Anda Masih Punya Trauma dari Hubungan Cinta Sebelumnya,Citizen6,1
6 Tips Alami Meniruskan Pipi Chubby yang Wajib Kamu Ketahui,Citizen6,1
Aturan Baru KTP Nama Minimal Dua Kata hingga Boleh Cantumkan Gelar Pendidikan,Citizen6,1
4 Amalan Sebelum Tidur yang Diajarkan Rasulullah kepada Fatimah Azzahra,Citizen6,1
4 Amalan Sebelum Tidur yang Diajarkan Rasulullah kepada Fatimah Azzahra,Citizen6,1
Menurut Astrologi Ini Dia Karier Terbaik untuk Zodiak Pisces,Citizen6,1
Penuh Drama 3 Zodiak Ini Suka Minta Putus,Citizen6,1
Mengenal Apa Itu Natto Makanan Unik Khas Jepang yang Tengah Viral,Citizen6,1
6 Contoh Kesan dan Pesan MPLS Cocok Diberikan untuk Kakak Osis,Citizen6,1
Mengenal Apa Itu Girlfriend Day yang Diperingati Setiap Tanggal 1 Agustus,Citizen6,1
5 Dampak Buruk Keseringan Onani,Citizen6,1
Ini Sosok Dilan Cepmek Viral di TikTok hingga Twitter,Citizen6,1
Viral Kebaya Merah 4 Alasan Wanita yang Pakai Baju Warna Ini Bakal Terlihat Seksi,Citizen6,1
Viral Kebaya Merah 4 Alasan Wanita yang Pakai Baju Warna Ini Bakal Terlihat Seksi,Citizen6,1
Rekam Jejak Fallincy Mbak Topi Subak Musuh Bersama Fans NCT 127 dan Kpopers,Citizen6,1
Rekam Jejak Fallincy Mbak Topi Subak Musuh Bersama Fans NCT 127 dan Kpopers,Citizen6,1
Ternyata Begini Cara Menghitung Keuntungan Crypto,Crypto,1
Mengenal Reef Coin Token Kripto Milik Platform Reef Finance,Crypto,1
Kripto GXC Coin Catatkan Kinerja Apik Menguat 20 Persen Hari Ini 18 Agustus 2022,Crypto,1
Menilik Penyebab Tinnitus pada Ibu Hamil,Disabilitas,1
Pro Kontra Penyandang Disabilitas Perkembangan dalam Aspek Pendidikan dan Penerimaan Sosial,Disabilitas,1
Pakaian Tepat untuk Tubuh Berbentuk Segitiga Terbalik,Fashion,1
Makna Tersembunyi di Balik 10 Tato Keren,Fashion,1
11 Trik Baru Buat Vagina Tidak Berbau,Fashion,1
5 Macam Masker Buah Bit yang Harus Anda Coba Di Rumah,Fashion,1
Wanita Setop Lakukan 5 Kebiasaan yang Bikin Pria Kabur,Fashion,1
Jangan Terlalu Sering Menggunakan Minyak Kelapa untuk Kulit Mengapa?,Fashion,1
Kisah Nenek-nenek Korea Selatan Menjadi PSK Saat Masa Tua,Global,1
Ditemukan Dinosaurus Aneh 'Setengah Bebek Setengah Buaya',Global,1
11-2-2012: Kematian Tragis Diva Pop Whitney Houston,Global,1
Ilmuwan Temukan Fosil 'Manusia Pertama di Dunia',Global,1
Saat Bomber Bom Bali Ali Imron Bertemu Keluarga Korban,Global,1
19-8-1895: 'Pria Haus Darah' Legendaris Era Koboi Tamat,Global,1
Ini 10 Tanda Anak yang Memiliki IQ Tinggi,Global,1
Bahaya Jangan Campurkan Obat dengan 6 Makanan Ini,Global,1
Kisah Petualangan Seks Angelina Jolie yang 'Aneh',Global,1
Istana Terbang' Mewah Intip Bagian Dalam Pesawat Para Miliarder,Global,1
Seperti Ini Bentuk dan Fungsi Sex Toys pada Masa Lalu,Global,1
14 Negara Bisa 'Musnah' Jika Perang Dunia III Pecah Indonesia?,Global,1
25 Artis Hollywood Ini Jaga Keperawanan hingga Menikah,Global,1
Misteri Harta Karun 'Flor de la Mar' Rp 346 T di Laut Indonesia,Global,1
9 Fakta Tragis Laika Anjing Pertama yang Mengelilingi Orbit Bumi,Global,1
Dubai Buka Lowongan Kerja Bergaji Rp 36 Miliar/Bulan,Global,1
10 Kegagalan Paling Memalukan Komando Pasukan Elite Dunia,Global,1
Simpanse Hingga Gurita 5 Hewan Cerdas yang Ada di Muka Bumi,Global,1
Jurus Jitu Hilangkan Jerawat dengan Sedotan Lintah Berani Coba?,Global,1
6 Kata dalam Bahasa Indonesia Ini Dianggap Aneh oleh Orang Rusia,Global,1
15-5-1536: Permaisuri Inggris Dihukum Mati Agar Raja Bisa Kawin Lagi?,Global,1
Meski Menyebalkan Jangan Bunuh 4 Hewan Ini Saat Bertemu,Global,1
Bukan PSK Ini 5 Fakta Geisha Jepang yang Tak Banyak Diketahui Orang,Global,1
CCTV Rekam Wanita BAB di Lorong Supermarket Lalu Ini yang Terjadi...,Global,1
10 Negara di Dunia yang Melegalkan Aktivitas Prostitusi,Global,1
5 Kisah Tsunami Paling Merusak Sepanjang Sejarah Mulai dari Jepang hingga Indonesia,Global,1
Studi: Menjadi Tampan dan Cantik Itu Tidak Sesulit yang Dibayangkan Caranya?,Global,1
Transfer Otak... Ini 5 Eksperimen Paling Menyeramkan dalam Sejarah,Global,1
5 Alasan Mengapa Orang Jenius Sulit Mendapatkan Teman,Global,1
HEADLINE: Raja Malaysia Sultan Muhammad V Turun Takhta demi Cinta?,Global,1
4 Bentuk Jabat Tangan yang Menggambarkan Maksud Seseorang,Global,1
5 Langkah Jitu Agar Pria Terpesona Melihat Kehadiran Anda,Global,1
Heboh Iluminati! Simak 9 Hal Menarik soal Organisasi Rahasia Ini,Global,1
"Tayang Kembali 28 Juni 2019 Ini Alasan ""Avengers: Endgame"" Dirilis Ulang",Global,1
8 Negara dengan Angka Perokok Paling Banyak di Dunia,Global,1
Makna di Balik 6 Simbol Jari di Sejumlah Negara,Global,1
Mudah Begini 4 Teknik Pijat Pengurang Nyeri Leher yang Bisa Dilakukan Sendiri,Global,1
5 Alasan Orang Cerdas Sulit Jatuh Cinta Anda Termasuk di Dalamnya?,Global,1
5 Nama Aneh dari Warna yang Jarang Terekspos Publik Pernah Dengar?,Global,1
HEADLINE: Donald Trump Siap Damai dengan Iran Perang Terbuka Masih Mengancam?,Global,1
Bawang Putih 11 Ramuan Alami yang Diklaim Ampuh Obati Jamur Pada Tubuh,Global,1
7 Tanda Ketika Hubungan dengan Pasangan Tak Lagi Pantas Dipertahankan,Global,1
Datang ke Pesta dengan 6 Ibu Hamil Pria Nigeria Tuai Kritik dan Kontroversi,Global,1
Punya Banyak Bintik-Bintik Putih di Bawah Mata? Begini Cara Mengatasinya,Global,1
6 Kemungkinan Asal Suara Bising Saat Malam Hari,Global,1
23 Mei 1960: Adolf Eichman Anggota Nazi Pelaksana Utama Holocaust Ditangkap Israel,Global,1
Ada yang Makan Kaki Sendiri Ini 5 Kanibal Paling Menyeramkan di Dunia,Global,1
3 Fakta Alcatraz Pulau Bekas Penjara Paling Ketat di Amerika Serikat,Global,1
,Berniat,1
Direbus hingga Dikuliti 5 Hukuman Mati Paling Mengerikan pada Zaman Kuno,Global,1
5 Skandal Kanye West: Mulai dari Taylor Swift Kim Kardashian hingga Billie Eilish,Global,1
5 Alasan Mengapa Bulu Halus di Wajah Anda Cepat Tumbuh,Global,1
4 Juli 1774: Ada Alquran di Balik Kisah Kemerdekaan Amerika Serikat?,Global,1
8 Fakta Pulau Socotra Flora dan Fauna Unik hingga Tempat Paling Asing di Bumi,Global,1
PM Denmark Mette Frederiksen Mundur dari Jabatannya Sehari Setelah Menang Pemilu Ada Apa?,Global,1
Paus Fransiskus Mengaku Pernah Jadi `Tukang Pukul` Klub Malam,Global,1
,Berita,1
Health Info,Kabar,1
Waspadai Kontraksi Palsu Saat Usia Kandungan ke-8,Health,1
Ini Beda Pria yang Disunat dan Tidak,Health,1
5 Cara Jadikan Doggy Style Makin Dahsyat,Health,1
4 Tahap Orgasme pada Wanita,Health,1
Bercinta Bisa Jadi 'Obat' Efektif Penderita Stroke dan Diabetes,Health,1
5 Cara Kencangkan Payudara Usai Menyusui,Health,1
Ejakulasi Wanita Itu Pipis atau Bukan?,Health,1
6 Obat Gatal dan Iritasi Kulit dari Bahan Alami,Health,1
Ajarkan Bayi Makan Sendiri dengan `Baby Led Weaning`,Health,1
Sulit Tidur Karena Pikiran Cemas Lakukan Ini Saja,Health,1
Pria Berkelamin Kecil Juga Bisa Miliki Anak,Health,1
14 Jenis Kekerasan Anak dari Keluarga,Health,1
6 Kekuatan Wanita yang Tak Diketahui Pria,Health,1
8 Tanda Dia Menyukai Anda Lebih dari Sekadar Teman,Health,1
6 Sinyal Wanita Membutuhkan Hubungan Intim,Health,1
Dahi Kerap Berkeringat Tanda Kurang Vitamin D,Health,1
Berbagai Kegunaan Senam Kegel,Health,1
4 Posisi Bercinta di Malam Pertama Tanpa Nyeri,Health,1
Atasi Nyeri Ulu Hati yang Muncul di Malam Hari,Health,1
Heboh Panjang Mr. P Bagaimana dengan Ukuran Miss V?,Health,1
Ini Bahayanya Menggunakan Pil Herbal dalam Miss V,Health,1
5 Trik Pertahankan Wanita Orgasme Sampai 60 Detik,Health,1
8 Tanda Fisik Wanita yang Sering Berhubungan Seks,Health,1
Tanya BPJS Kesehatan : Sudah Menikah Tapi BPJS Ikut Orangtua?,Health,1
Begini Cara Bujuk Pasangan Yang Takut Bercinta,Health,1
Sentuh Bagian Ini Buat Wanita Orgasme Tanpa Bercinta,Health,1
Hindari Rokok Rendah Tar untuk Berhenti Merokok,Health,1
Ingin Tetap Perawan Jangan Mau `Digrepe-grepe`,Health,1
Pikiran Pria Saat Lakukan Posisi Bercinta Woman on Top,Health,1
Bersihkan Vagina Setelah Bercinta Dapat Cegah Kehamilan?,Health,1
9 Mantra Pengendali Kekuatan Gaib,Health,1
Wanita Ini 3 Cara Temukan G-Spot,Health,1
Tanda-Tanda Pernah Berhubungan Seksual di Usia Remaja,Health,1
4 Minuman Ini Berbahaya Bila Dikonsumsi Melewati Masa Kedaluwarsa,Health,1
Mengenali Bagian Paling Sensitif Wanita,Health,1
Begini Cara Perbesar Penis yang Benar ala Dokter Boyke,Health,1
6 Teknik Kamasutra yang Bikin Gaya Misionaris Makin Panas,Health,1
Kenapa Payudara Kiri Lebih Besar dari yang Kanan? Ini Alasannya,Health,1
Apa Penyebab Gagalnya Kemoterapi?,Health,1
7 Manfaat Makan Pir Setiap Hari,Health,1
Kenapa Wanita Menghindari Tatapan Pria?,Health,1
Penyebab Area Rambut Kemaluan Terasa Gatal,Health,1
Ini Sebabnya Wanita Hamil Selalu Ingin Bercinta,Health,1
Terungkap Pria Penyuka Sesama Jenis Bisa Diketahui Lewat Mata,Health,1
Ini Jenis Nyamuk dengan Gigitan Paling Sakit Layaknya Suntikan,Health,1
Bakar Gairah Pisces dengan Bermain Imajinasi Saat Bercinta,Health,1
Reaksi Pria Ketika Melihat Wanita Cantik dan Seksi,Health,1
7 Cara Alami Detoksifikasi Tubuh,Health,1
Apa yang Sebabkan Kulit di Sudut Bibir Kering?,Health,1
Bagaimana Bila Libra Jatuh Cinta dengan Sang Idealis Virgo?,Health,1
Begini Trik Menangkan Hati Pria Libra,Health,1
Penyebab Mual Usai Minum Vitamin di Pagi Hari,Health,1
Tidur Bisa Membuat Rambut Rusak,Health,1
5 Posisi Seks yang Akan Disukai Wanita Cancer,Health,1
Kenali 12 Jenis Ciuman dari Seluruh Dunia Beserta Artinya,Health,1
Pria Begini Trik Menyentuh Payudara Wanita Sesuai Ukurannya,Health,1
Cari Tahu Apakah Pria Masih Perjaka dengan 3 Petunjuk Ini,Health,1
Penyebab Seks Masih Menyakitkan Meski Sudah Lama Menikah,Health,1
8 Hal Menakjubkan tentang Klitoris yang Perlu Diketahui Wanita,Health,1
Gunakan KB IUD Apa Pengaruhnya pada Hubungan Seks?,Health,1
Stres Bikin Wanita Alami Gatal Vagina,Health,1
Rokok Mentol Lebih Baik atau Lebih Buruk?,Health,1
Ini Cara Usir Kentut Vagina yang Muncul Akibat Bercinta,Health,1
10 Tanda Pria Sedang Jatuh Cinta dengan Wanita,Health,1
Sentuh 3 Titik Ini untuk Bikin Wanita Melayang,Health,1
Ada 5 Bahasa Kasih dalam Percintaan Anda yang Mana?,Health,1
Seperti Apa Orgasme pada Wanita?,Health,1
6 Bentuk Pusar Ini Bisa Prediksi Kepribadian Anda yang Mana?,Health,1
Prediksi Kepribadian Lewat 6 Bentuk Mata Anda yang Mana?,Health,1
3 Posisi Seks agar Hamil Anak Perempuan,Health,1
Makna Tanda Lahir di 11 Bagian Tubuh,Health,1
5 Obat Herbal Atasi Infeksi Saluran Kencing yang Mudah Didapat,Health,1
5 Obat Herbal Atasi Infeksi Saluran Kencing yang Mudah Didapat,Health,1
Muncul Bintik Merah Alma Ternyata Alami Pembuluh Darah Pecah,Health,1
Muncul Bintik Merah Alma Ternyata Alami Pembuluh Darah Pecah,Health,1
Curhat di Media Sosial Sama dengan Menelanjangi Diri Sendiri?,Health,1
5 Siasat Biar Anak Tetap Makan Banyak Saat Diare,Health,1
Biduran Salah Satu Gejala Flu yang Sedang Mewabah di AS,Health,1
11 Mimpi yang Sering Dialami Orang Serta Artinya dalam Kehidupan,Health,1
Jangan Minum 6 Minuman Ini Setelah Makan Malam,Health,1
Cek 8 Kelainan Puting Payudara yang Tak Perlu Dikhawatirkan,Health,1
Sahabat Putus Cinta Bolehkah Kamu tetap Berteman dengan Mantannya?,Health,1
Jodoh dan Zodiak: Bertolak Belakang Apa Jadinya Cinta Aries dan Taurus?,Health,1
Anak Derita Gangguan Ginjal Haruskah Hindari Minum Susu?,Health,1
Meski Aman Pil KB untuk Pria Bisa Jamin Istri Tidak Hamil?,Health,1
Sebenarnya Seberapa Dalam dan Panjang Rongga Vagina?,Health,1
Terlalu Royal Membuang Sperma Awas Kena Spermatorrhea,Health,1
Keuntungan Sering Taruh Bawang Merah di Telapak Kaki Saat Tidur,Health,1
Potensi Penyebab Kanker Melanoma Bisa Dilihat dari Bentuk Tahi Lalat,Health,1
Saat Anak Demam Bolehkan Tidur di Ruangan Ber-AC?,Health,1
43 Cara Melakukan Hubungan Intim Bagi Pasutri yang Benar dan Memuaskan,Health,1
Daftar Lagu yang Paling Disukai Ibu Saat Melahirkan,Health,1
Payudara Paling Menarik di Mata Pria itu Seperti Apa?,Health,1
Cara Mengatasi Ejakulasi Dini Secara Aman Alami dan Tanpa Obat,Health,1
Cara Mengatasi Ejakulasi Dini Secara Aman Alami dan Tanpa Obat,Health,1
4 Penyakit yang Bisa Muncul Akibat Ciuman Mulut,Health,1
Ereksi Sering Mendadak Hilang Gejala Apa?,Health,1
3 Cara Rangsang Klitoris agar Wanita Tetap Terlumasi,Health,1
Cara Menghilangkan Panu Dengan Cepat Dalam 1 Hari Mudah dan Efektif,Health,1
Cara Membuat Air Lemon Untuk Diet Mudah dan Bisa Detoks Tubuh,Health,1
Makanan dan Minuman yang Bikin Penis Sehat dan Ereksi Tetap Kuat,Health,1
16 Cara Mengatasi Insomnia Secara Alami Tanpa Obat Tidur,Health,1
Meluruskan Rambut Bisa Picu Kanker,Health,1
10 Inspirasi Nama Cantik untuk Bayi Perempuan,Health,1
Perubahan Organ Intim yang Dialami Wanita Hamil Apa Saja?,Health,1
Ancaman Risiko Berhubungan Seks dengan Binatang,Health,1
4 Makanan Penyebab Bisul dan Bahan Alami yang Bisa Dijadikan Obat,Health,1
Makanan Penyebab Radang Tenggorokan Jangan Sepelekan,Health,1
9 Ciri-Ciri Psikopat yang Perlu Diwaspadai dari Cara Berbicara hingga Bertindak,Health,1
5 Bahasa Tubuh Pria Tanda Dia Menyimpan Rasa,Health,1
Memijat 3 Titik Tubuh Ini Ampuh Mengurangi Nyeri Haid,Health,1
Rambut Rontok hingga Gampang Lelah Ini 5 Tanda Kekurangan Vitamin D,Health,1
4 Alasan Antrean di Toilet Wanita Lebih Panjang dan Lama,Health,1
Akibat Gigitan Kutu Joanne Habiskan 8 Tahun Hidupnya di Kamar,Health,1
Sulit Menerima Masa Lalu Pasangan? Ini Saran Pakar,Health,1
Coba Mainan Seks Buatan Sendiri Penis Pria 34 Tahun Bengkak,Health,1
Mimpi Bercinta dengan Sesama Jenis Apa Artinya?,Health,1
9 Tips Panaskan Sesi Bercinta Lewat Telepon untuk Pasutri LDR,Health,1
Minyak Ikan Mampu Memperbaiki Kualitas Sperma,Health,1
6 Posisi Bercinta Paling Romantis Jelang Valentine,Health,1
Mengenal Folikulitis Jerawat yang Biasa Muncul di Area Vagina,Health,1
5 Manfaat Rendam Kaki dengan Air Hangat,Health,1
Sudah Menikah Tapi Merasa Kesepian Kenapa?,Health,1
5 Cara yang Dilakukan Pria untuk Atasi Patah Hati,Health,1
Manfaat Masturbasi bagi Kesehatan Mood dan Kehidupan Seks,Health,1
Burnout Bukan Cuma Dialami Pekerja Ibu Rumah Tangga Juga Bisa Alami Kelelahan Kronis,Health,1
Mengenal Lipolysis si Metode 'Penghancur' Lemak Demi Capai Body Goals,Health,1
Herpes Zoster Bukan Penyakit Alergi Dokter: Tidak Ada Pantangan Makanan,Health,1
Sering Kegerahan meski Cuaca Tidak Panas Tanda Penyakit Tertentu?,Health,1
Bukan MPASI Tak Enak Ini 5 Penyebab Bayi Seperti Mau Muntah Saat Makan,Health,1
Terjadi Lebih dari Seminggu Kenali Gejala dan Penyebab Diare Kronis,Health,1
5 Ramuan Tradisional untuk Diet Dilengkapi dengan Cara Pengolahannya,Health,1
Kenali 5 Pemicu Menstruasi Datang Lebih Awal dari Biasanya,Health,1
Hindari Makanan dan Minuman Ini Bila Ingin Batuk Cepat Sembuh,Health,1
Penggunaan Ganja untuk Medis Pakar: Memang Bisa Dikembangkan Sebagai Obat,Health,1
5 Manfaat Masturbasi di Malam Hari Salah Satunya Bantu Tidur Lebih Cepat,Health,1
Asmirandah Keguguran Saat Isoman Jonas: Walau Terlihat Buruk Ini Kado Terindah Tuhan,Health,1
Ini Alasan Suami Tak Menginginkan Seks Pada Istrinya,Health,1
Anak Kekurangan Vitamin C Capek Sedikit Langsung Batuk dan Pilek,Health,1
Bahasa Tubuh Wanita Saat Ingin Diajak Bercinta,Health,1
Menkes Budi Sampaikan Kesepakatan ASEAN dalam Sidang WHA di Jenewa,Health,1
10 Cara Mudah Mengatasi Hidung Tersumbat Lakukan dengan Sabar!,Health,1
Kenali Gejala Glaukoma Sebelum Merenggut Penglihatan Anda,Health,1
Gejala yang Sempat Dialami 4 Pasien COVID-19 Varian XBB di RI,Health,1
Update COVID-19 Hari Ini 5 November 2022: Kasus Positif Bertambah 4.717 DKI di Atas 1.000,Health,1
10 Bagian Tubuh Pria yang Ingin Disentuh Saat Bercinta,Health,1
Tanda-tanda di Lidah yang Menunjukkan Kondisi Penyakit,Health,1
Ada Lho Jamu Bermerek Tapi Berstiker BPOM Palsu!,Health,1
Ada G-Spot Ada Juga P-Spot Buat Kenikmatan Bercinta,Health,1
Posisi Seks yang Cocok untuk Pria Berkelamin Pendek,Health,1
7 Cara Bikin Suami Lengket Terus ke Istri,Health,1
Pria Afrika Antre ML dengan Perempuan Hamil Karena Penasaran,Health,1
Tahapan Sedot Komedo di Royal Garden Spa,Health,1
Kudis Akibat Galian Liang Tungau di Kulit,Health,1
Laringitis Peradangan Laring Akibat Berlebihan Gunakan Suara,Health,1
50 Manfaat Ketika Pria Berhenti Masturbasi dan Nonton Film Porno,Health,1
Kebiasaan Aneh Suami Masukkan Jari ke Anus Istri Sebelum `ML`,Health,1
Jelqing Teknik Kuno yang Katanya Bisa Besarkan Mr P secara Alami,Health,1
Bingung Gimana Mau Foreplay? Begini Caranya!,Health,1
Ada Alasan Mengapa Pria Lebih Sering 'Horny' Ketimbang Wanita,Health,1
Saat Gejolak Seksual Sulit Diredam Begini Cara Mengatasi!,Health,1
6 Hal yang Diinginkan Wanita dari Pria Saat `ML`,Health,1
Tips Bercinta Oral Agar Tidak Muntah,Health,1
,liputan6.com,1
5 Cara Mengetahui Akun Instagram yang Kena Hack Perlu Waspada,Hot,1
7 Tips Fashion untuk Pria Bertubuh Kurus Tampil Makin Stylish,Hot,1
7 Fungsi VGA Penjelasan dan Tips Memilih Agar Perangkat Tetap Awet,Hot,1
Fungsi DirectX Cara Kerja Komponen hingga Versinya yang Perlu Diketahui,Hot,1
7 Perbedaan Cewek dan Cowok di Berbagai Situasi Bikin Senyum-Senyum Sendiri,Hot,1
5 Penyebab Laptop Mati Sendiri dan Cara Mengatasinya Mudah,Hot,1
7 Gambar Kata kata Mutiara untuk Penyemangat Bikin Percaya Diri Terus,Hot,1
Begini Kisah Cinta Tragis Orang Tua Jon Snow di Game of Thrones Fans Harus Tahu,Hot,1
Kata-kata Sindiran Buat Pacar Bikin Si Dia Sadar Diri,Hot,1
Ciri Telur Sudah Tak Layak Konsumsi Segera Buang Agar Tak Timbulkan Penyakit,Hot,1
5 Pasangan Seleb Ini Terpaut Usia Jauh Ada yang Sampai 16 Tahun,Hot,1
5 Manfaat Teh Talua Bagi Kesehatan Minuman Khas Sumatera Barat,Hot,1
Kata-kata Bagus Buat Pacar Tersayang Bikin Hubungan Makin Mesra,Hot,1
Kata-kata Bagus Buat Pacar Tersayang Bikin Hubungan Makin Mesra,Hot,1
7 Tanda-Tanda Petunjuk Jodoh dari Allah Bisa Dilihat dan Dirasakan,Hot,1
Cara Mengenali Judul Lagu Lewat Ponsel Cukup Dengan Suara,Hot,1
4 Fakta Terbaru Jefri Nichol Usai Lima Hari Ditahan Kasus Narkoba,Hot,1
6 Penyakit Gatal Pada Kulit Kenali Penyebab dan Jenisnya,Hot,1
20 Kata Bijak Bahasa Jawa tentang Kehidupan dan Hubungan dengan Tuhan,Hot,1
Cara Membuat Lampion Terbang di Rumah Mudah dan Sederhana,Hot,1
7 Jenis Senjata Api Pistol yang Terkenal dari Berbagai Negara,Hot,1
Kata-kata tentang Hujan untuk Orang Terkasih Cocok Gambarkan Suasana Hati,Hot,1
6 Efek Negatif Terlalu Sering Mengikat Rambut Akibatkan Kerusakan,Hot,1
35 Kata Bijak Sujiwo Tejo Jadi Sentilan untuk Motivasi Diri,Hot,1
20 Kata Mutiara Kebersamaan yang Penuh Makna dan Perlu Direnungi,Hot,1
5 Manfaat Minum Yakult Nutrisinya Baik untuk Menjaga Kesehatan Sistem Pencernaan,Hot,1
18 Kata Bijak Soekarno Tentang Pemimpin dan Semangat Kebangsaan Inspiratif,Hot,1
Kata Ganti Orang dan Contohnya yang Harus Diketahui Serta Jenis Lainnya,Hot,1
6 Tulisan di Halaman Persembahan Skripsi Ini Bikin Ketawa Geli,Hot,1
30 Kata Mutiara Islami Penyejuk Hati Tenangkan Jiwa,Hot,1
30 Kata-Kata So Sweet Buat Pacar Tersayang Bukan Cuma Gombalan,Hot,1
Kumpulan Kata-Kata Simple Tapi Menyakitkan untuk Beri Sindiran Halus,Hot,1
20 Kata-Kata Patah Hati karena Cinta dalam Bahasa Inggris dan Artinya,Hot,1
Ciri-ciri Uang Palsu 50 Ribu Mudah Dikenali Tanpa Alat Bantu Khusus,Hot,1
30 Kata-kata Agar Mantan Menyesal Jadi Motivasi dan Penghibur,Hot,1
35 Kata Mutiara Keluarga Makna Mendalam dan Menyentuh Hati,Hot,1
9 Bahan Alami untuk Atasi Gigi Ngilu Mudah Ditemukan,Hot,1
30 Kata-kata Cinta Islami yang Menyentuh Hati Menenangkan Batin,Hot,1
Cara Membedakan Burung Kenari Jantan dan Betina Berdasarkan Ciri-Cirinya,Hot,1
10 Obat Tradisional Penyakit Kuning yang Ampuh Gunakan Bahan Alami,Hot,1
Fungsi Kabel HDMI to VGA Bikin Makin Efisien,Hot,1
40 Kata-Kata Cinta yang Menyentuh Hati Pria Bikin Harinya Lebih Berwarna,Hot,1
Beranjak Remaja Ini 6 Potret Anak Kembar Fadli Akhmad yang Makin Menawan,Hot,1
7 Buah yang Bisa Atasi Insomnia Konsumsi Sebelum Tidur,Hot,1
6 Cara Membersihkan Pusar yang Kotor Alami dan Aman,Hot,1
Penyebab Sakit Pinggang Belakang dan Cara Mengatasinya di Rumah,Hot,1
6 Penyebab Kucing Muntah dan Cara Mengatasinya,Hot,1
Sakit Perut Sebelah Kiri Bawah Tanda Hamil dan Gejala Penyakit Kenali Segera,Hot,1
8 Jenis Jeruk Manis yang Populer Beserta Masing-Masing Keuntungannya,Hot,1
30 Kata-kata Sedih Bahasa Inggris dan Artinya Tentang Cinta,Hot,1
50 Kata-Kata Nyesek Banget Cocok untuk Hati yang Tersakiti,Hot,1
50 Kata-Kata Nyesek Banget Cocok untuk Hati yang Tersakiti,Hot,1
50 Kata-Kata Nyesek Banget Cocok untuk Hati yang Tersakiti,Hot,1
Kabar Terbaru F4 Meteor Garden Ada yang Idap Penyakit Langka,Hot,1
8 Teknik Pengawetan Makanan dari Tradisional hingga Modern,Hot,1
12 Macam-macam Penyakit Mental yang Umum Terjadi Kenali Tanda-tandanya,Hot,1
7 Arti Simbol Segitiga pada Botol Plastik Kenali Kegunaannya,Hot,1
25 Kata-Kata Nembak Cewek Romantis Penuh Pesan Manis,Hot,1
Penyebab Jerawat di Hidung dan Cara Mengatasinya yang Efektif,Hot,1
10 Makanan Khas DKI Jakarta Paling Terkenal Punya Cita Rasa Unik,Hot,1
9 Cara Menaikkan Trombosit pada Bayi Secara Alami,Hot,1
50 Kata Mutiara Penyejuk Hati yang Galau Bikin Semangat Lagi,Hot,1
40 Kata-kata Dilan yang Bikin Baper Buat Pasangan Meleleh,Hot,1
40 Kata-Kata untuk Suami yang Selingkuh Menyentuh Hati,Hot,1
5 Chat Minta 'Pap' Ini Bikin Geleng Kepala Sekaligus Geregetan,Hot,1
Penyebab Menggigil pada Anak dan Cara Mengatasinya Kenali Segera,Hot,1
Penyebab Menggigil pada Anak dan Cara Mengatasinya Kenali Segera,Hot,1
40 Kata Mutiara Imam Syafi'i Bahasa Arab dan Artinya yang Perlu Direnungkan,Hot,1
6 Cara Mengembalikan Foto yang Terhapus di HP Android Mudah Dipraktikkan,Hot,1
40 Kata-kata Cinta dalam Diam Penuh Perasaan dan Menyentuh Hati,Hot,1
40 Kata-Kata Kecewa dalam Bahasa Inggris dan Terjemahannya,Hot,1
80 Kata-Kata Anak Drag Racing Tentang Kebijaksanaan Semangat Cinta dan Impian,Hot,1
80 Kata-Kata Anak Drag Racing Tentang Kebijaksanaan Semangat Cinta dan Impian,Hot,1
45 Kata Mutiara Kesetiaan untuk Pererat Hubungan dan Cermin Ketulusan,Hot,1
7 Manfaat Cabe Rawit untuk Kesehatan Kulit Rambut dan Bibir,Hot,1
Faktor Penyebab Stress Gejala dan Cara Menanganinya yang Tepat,Hot,1
14 Penyebab Kram Perut yang Sering Terjadi Kenali Gejalanya,Hot,1
12 Kata-Kata Anak Metal dari Musisi Legendaris,Hot,1
8 Obat Penyakit Ginjal Alami yang Mudah Ditemukan di Rumah,Hot,1
28 Kata-Kata Sedih Menyentuh Hati Kekasih Makin Romantis,Hot,1
Contoh Kata Sambutan yang Baik dan Benar dalam Berbagai Acara,Hot,1
40 Kata-kata Romantis Bahasa Inggris dan Artinya Buat Kekasih,Hot,1
40 Kata-kata Romantis Bahasa Inggris dan Artinya Buat Kekasih,Hot,1
6 Cara Mengobati Bisul di Pantat Secara Alami yang Aman dan Efektif,Hot,1
7 Kepribadian Berdasarkan Hari Lahir Kamu yang Mana?,Hot,1
10 Cara Mengurangi Mata Minus dan Silinder Secara Alami Mudah Dipraktikkan,Hot,1
8 Obat Alami untuk Ambeien Luar Bisa Diobati di Rumah,Hot,1
50 Kata-Kata So Sweet Buat Pacar Tersayang Bikin Hubungan Makin Langgeng,Hot,1
50 Kata-Kata So Sweet Buat Pacar Tersayang Bikin Hubungan Makin Langgeng,Hot,1
50 Kata-Kata Terakhir untuk Mantan yang Bisa Melegakan Perasaan,Hot,1
3 Cara Membuat Air Mawar Sendiri di Rumah untuk Segarkan Kulit,Hot,1
Cara Membuat Oralit untuk Kucing Diare Aman dan Cegah Datang Berulang,Hot,1
7 Cara Mengeluarkan Dahak di Paru-Paru yang Aman Dilakukan,Hot,1
100 Nama Anak Perempuan Jawa Kuno yang Indah Beserta Artinya,Hot,1
11 Buah untuk Penderita Saraf Terjepit Ampuh Pulihkan Nyerinya,Hot,1
5 Potret Khaleed Al-Fatih Anak Lyra Virna dan Fadlan yang Menggemaskan,Hot,1
14 Kelemahan Grand Livina dan Kelebihannya Berikut Ulasan Lengkapnya,Hot,1
7 Penyebab Kuku Kuning dan Cara Mengatasinya yang Tepat,Hot,1
340 Nama Bayi Perempuan Arab Lengkap dengan Artinya,Hot,1
40 Kata-kata Happy Anniversary Romantis Buat Pasangan Penuh Makna,Hot,1
60 Kata-Kata Sayang Buat Pacar Bikin Hubungan Makin Awet dan Langgeng,Hot,1
7 Biodata Member BTS dan Fakta Menariknya Army Wajib Tahu,Hot,1
9 Efek Samping Konsumsi Petai Berlebihan Menurut Dokter,Hot,1
45 Kata Motivasi Kerja Islam yang Menginspirasi Tentang Kehidupan,Hot,1
Ganti Nama Panggung Ini 7 Potret Lia Amelia Eks Trio Macan yang Makin Memesona,Hot,1
6 Potret 'Pernikahan' Reiner Manopo dan Shirin Safira di Video Klip Didoakan Balikan,Hot,1
6 Cara Hilangkan Bekas Lem di Pakaian Kembali Bersih,Hot,1
12 Manfaat Vanila untuk Kesehatan Tak Cuma Beri Rasa dan Aroma,Hot,1
7 Contoh Makanan Junk Food di Indonesia Bisa Memicu Penyakit Kanker,Hot,1
50 Kata-Kata Romantis Lucu Buat Pacar Ketawa Bikin Hubungan Makin Awet,Hot,1
12 Manfaat Aloe Vera Gel untuk Kulit dan Rambut Melembapkan dan Menutrisi,Hot,1
6 Makanan yang Tidak Boleh Dikonsumsi Bersamaan dengan Kopi,Hot,1
50 Kata-Kata Dilan yang Bikin Baper Buat Pasangan Makin Sayang,Hot,1
16 Makanan Khas Arab Saudi yang Mendunia dan Menggugah Selera Menarik untuk Dicoba,Hot,1
8 Bahaya Tidak BAB Seminggu Serta Cara Mencegah dan Mengatasinya,Hot,1
50 Kata-Kata Kesal Sama Orang untuk Meluapkan Emosi Ungkapan Rasa Kecewa,Hot,1
60 Kata-kata Sindiran Halus Tapi Menyakitkan Buat Teman Menusuk Hati,Hot,1
8 Game Ice Breaking Lucu untuk Hilangkan Ketegangan Bikin Makin Akrab,Hot,1
6 Manfaat Garam Hitam bagi Kesehatan Tubuh Penting untuk Dipahami,Hot,1
15 Cara Membersihkan Paru-Paru Secara Alami Efektif dan Mudah Dipraktikkan,Hot,1
Patung Macan Lucu Cisewu Begini Sejarah Singkatnya,Hot,1
8 Kelemahan Honda Freed dan Kelebihannya Berikut Ulasan Lengkapnya,Hot,1
9 Cara Mencegah Lumut di Aquarium Jaga Kesehatan Ikan,Hot,1
Cara Mengawinkan Kucing Persia yang Baru Kenal Perhatikan Kesehatan,Hot,1
11 Kelemahan Chevrolet Spin dan Kelebihannya Ketahui Sebelum Membeli,Hot,1
8 Jenis Kacang Tinggi Protein Jadi Camilan Sehat,Hot,1
6 Status WhatsApp Netizen Pakai Huruf dan Angka Ini Bikin Mikir Keras,Hot,1
12 Obat Diare Alami Mudah Ditemukan dan Ampuh,Hot,1
9 Penyebab Kucing Belekan dan Cara Merawatnya,Hot,1
17 Manfaat Minum Air Putih bagi Tubuh Jangan Diremehkan,Hot,1
8 Manfaat Rotasi Pekerjaan di Dalam Perusahaan Tingkatkan Produktivitas,Hot,1
70 Kata-Kata Lucu dan Unik yang Menghibur Bisa Bangkitkan Semangat,Hot,1
60 Arti Bahasa Inggris yang Jarang Digunakan Maknanya Keren,Hot,1
60 Arti Bahasa Inggris yang Jarang Digunakan Maknanya Keren,Hot,1
60 Arti Bahasa Inggris yang Jarang Digunakan Maknanya Keren,Hot,1
8 Wisata Kopeng Salatiga yang Populer dan Instagramable Wajib Dikunjungi,Hot,1
190 Nama Bayi Laki-Laki Sansekerta Islam Beserta Artinya Penuh Makna,Hot,1
Proposal Usaha Makanan Ketahui Struktur dan Cara Membuatnya yang Benar,Hot,1
12 Penyebab Ngompol pada Orang Dewasa dan Cara Mengatasinya,Hot,1
60 Kata Mutiara Sukses Butuh Proses Motivasi Menyongsong Masa Depan,Hot,1
40 Masakan Nusantara dari Seluruh Daerah yang Menggugah Selera,Hot,1
8 Fungsi Moisturizer untuk Wajah dan Jenis-jenisnya Mengunci Kelembapan dengan Baik,Hot,1
12 Fungsi Humas dalam Organisasi Simak Penjelasannya Menurut Ahli,Hot,1
Bendung Lepen di Jogja Taman Desa Kotor Kini Jadi Tempat Wisata Keluarga yang Nyaman,Hot,1
8 Fungsi Omega 3 6 9 Mampu Mencegah Serangan Penyakit Mematikan,Hot,1
200 Kosa Kata Bahasa Arab Sehari-Hari yang Mudah Dipelajari dan Dipahami,Hot,1
60 Kata-Kata Gombal buat Pacar Romantis dan Pasti Bikin Tersipu Malu,Hot,1
50 Kata-Kata Bijak dalam Suatu Hubungan Cinta yang Menyentuh Hati,Hot,1
50 Kata-Kata Bijak dalam Suatu Hubungan Cinta yang Menyentuh Hati,Hot,1
65 Kata-Kata Bijak Cinta Singkat Sederhana Luluhkan Hati,Hot,1
Apa Itu Wibu dan Ciri-Cirinya? Simak Ulasan Lengkap Berikut Ini,Hot,1
18 Cerita Lucu Pendek yang Bikin Ngakak Sukses Ngocok Perut,Hot,1
Alasan Mengapa Kucing Buang Air Kecil di Tempat Tidurmu,Hot,1
140 Nama Anak Perempuan Bahasa Inggris yang Unik Lengkap dengan Artinya,Hot,1
55 Kata-Kata Putus Asa Terbaik yang Mewakili Isi Hatimu,Hot,1
Tujuan Pendidikan Pancasila di Perguruan Tinggi Ketahui 4 Landasannya,Hot,1
Tujuan Pemasaran Fungsi Konsep dan Strategi yang Wajib Diketahui dalam Memulai Bisnis,Hot,1
6 Aksi Kocak Orang Dapat Hukuman Ini Bikin Geleng Kepala,Hot,1
9 Cara Memancungkan Hidung Tanpa Operasi Gunakan Pijatan hingga Makeup,Hot,1
5 Cara Membuat Laporan pada Microsoft Word yang Baik dan Benar,Hot,1
70 Kata-Kata Gombal Buat Pacar Romantis Luluhkan Hati,Hot,1
50 Kata Kerja dalam Bahasa Inggris Lengkap dengan Contoh Kalimat,Hot,1
6 Tanda Pria Taurus saat Jatuh Cinta Padamu Wanita Perlu Peka,Hot,1
12 Cara Membuat Ayam Kecap yang Enak dan Empuk Mudah Banget,Hot,1
6 Potret Novita Condro Istri Kapten Vincent Raditya yang Sedang Jadi Sorotan,Hot,1
40 Kata Bijak untuk Kakak Laki-Laki yang Menyentuh Hati dan Bikin Haru,Hot,1
40 Kata Bijak untuk Kakak Laki-Laki yang Menyentuh Hati dan Bikin Haru,Hot,1
10 Cara Bermain Gitar Petikan untuk Pemula Mudah dan Cepat Mahir,Hot,1
Pengertian Analisis Menurut Para Ahli Kenali Fungsi Tujuan dan Jenisnya,Hot,1
8 Ciri-ciri Keguguran pada Hamil Trimester Pertama Ketahui Penyebab dan Cara Mencegahnya,Hot,1
50 Kata-Kata Romantis buat Pacar Tersayang Singkat Bikin Dia Makin Cinta,Hot,1
50 Kata-Kata Romantis buat Pacar Tersayang Singkat Bikin Dia Makin Cinta,Hot,1
10 Wisata Klaten Terbaru dan Lagi Hits Sudah Buka Wajib Dikunjungi,Hot,1
10 Wisata Klaten Terbaru dan Lagi Hits Sudah Buka Wajib Dikunjungi,Hot,1
Tujuan Kurikulum Pengaruh dan Fungsi yang Perlu Diketahui,Hot,1
12 Penyebab Telat Haid 3 Bulan Ketahui Batas Telat Menstruasi dan Cara Melancarkan,Hot,1
70 Kata-Kata Bijak Bahasa Jawa Tentang Kerja Keras dan Artinya Bikin Semangat dan Menghibur,Hot,1
Pengertian Hak dan Kewajiban dalam Kehidupan Hubungan serta Jenisnya,Hot,1
Ramal Kematian Sendiri Ini 7 Ramalan Mbak You yang Jadi Kenyataan di Tahun 2021,Hot,1
10 Penyebab Bercak Merah Gatal pada Kulit dan Cara Mengatasinya,Hot,1
17 Tanda Hamil 1 Minggu yang Jarang Disadari oleh Wanita Mirip Gejala Menstruasi,Hot,1
10 Penyebab AC Bocor yang Sering Terjadi Beserta Cara Mengatasinya,Hot,1
10 Penyebab Cantengan Jempol Kaki dan Cara Tepat Mengobatinya,Hot,1
5 Cara Membuat Steak Daging Ala Restoran di Rumah Empuk dan Juicy,Hot,1
6 Chat Bilang Sayang Kamu ke Pacar Ini Kocak Tapi Romantis Bikin Baper,Hot,1
80 Kata-Kata Kehidupan Singkat Penuh Makna Sebagai Inspirasi dan Motivasi,Hot,1
10 Cara Mengatasi Cegukan dengan Cepat dan Mudah Tidak Hanya Minum Air,Hot,1
20 Macam Permainan Tradisional Indonesia yang Perlu Dilestarikan Ingat Masa Kecil,Hot,1
Pengertian Etika secara Etimologis dan Terminologis Simak Penjelasan Para Ahli,Hot,1
50 Kata Ucapan Selamat Ulang Tahun untuk Orang Terkasih Penuh Doa dan Harapan,Hot,1
80 Kata Ucapan Selamat Ulang Tahun yang Menyentuh Hati Sangat Berkesan,Hot,1
80 Kata Ucapan Selamat Ulang Tahun yang Menyentuh Hati Sangat Berkesan,Hot,1
5 Cerita Horor Singkat Ini Bikin Merinding Jadi Was-Was,Hot,1
12 Macam Simpul dalam Pramuka Ketahui Fungsinya,Hot,1
6 Pantun Lucu Izin Keluar Grup WhatsApp Ini Bikin Geleng Kepala,Hot,1
Faktor Pendorong Integrasi Sosial Internal dan Eksternal Pahami Penghambatnya,Hot,1
20 Wisata Bekasi Paling Populer dan Sudah Dibuka Pesona Alamnya Manjakan Mata,Hot,1
7 Arti Hari Lahir Menurut Astrologi Kenali Kepribadianmu,Hot,1
Arti GWS dalam Bahasa Gaul yang Sering Digunakan di Medsos Pahami Maknanya,Hot,1
Pengertian Pancasila Fungsi Kedudukan dan Makna Setiap Lambangnya,Hot,1
25 Jenis Usaha yang Menjanjikan dan Pasti Untung Wajib Tahu,Hot,1
Konsisten adalah Ketetapan Bertindak Ketahui Manfaat dan Cara Membangunnya,Hot,1
6 Balasan Chat dari Gebetan Cuek dan Tak Peduli Ini Bikin Nyesek,Hot,1
125 Arti Bahasa Sunda dalam Kosakata Sehari-Hari Kenali Lebih Dalam,Hot,1
6 Chat Panjang Saat Bertengkar dengan Pacar Ini Bak Satu Paragraf Tulisan,Hot,1
6 Chat Cowok Perhatian Sekaligus Khawatir Saat Pacar Sakit Ini Bikin Baper,Hot,1
12 Penyebab Sering Buang Air Kecil Tapi Sedikit Begini Pertolongan Pertamanya,Hot,1
Kuantitas adalah Jumlah Sesuatu Pahami dari Contoh Kalimatnya,Hot,1
Tujuan Penulisan Karya Ilmiah Lengkap dengan Struktur dan Manfaatnya,Hot,1
Apa itu Japri? Cara Penggunaan dan Contohnya saat Berkirim Pesan,Hot,1
Cenayang adalah Orang dengan Kemampuan Supranatural Ketahui Negara yang Banyak Dihuni,Hot,1
Kalimat Majemuk adalah Gabungan Dua Kalimat Tunggal atau Lebih Simak Contohnya,Hot,1
50 Ucapan Selamat Hari Pahlawan Penuh Motivasi dan Nilai Juang yang Tinggi,Hot,1
Viral Sosok Cewek Mirip Mendiang Vanessa Angel Netizen Sarankan Bertemu Gala,Hot,1
8 Arti Mimpi Teman Meninggal Tidak Selalu Menjadi Pertanda Buruk,Hot,1
Masih Ingat Nurrani yang Ngaku 'Istri' Iqbaal Ramadhan? Kini Sah Jadi Istri Orang,Hot,1
12 Arti Mimpi Balikan Sama Mantan Gambarkan Perasaan dan Kondisimu Sekarang,Hot,1
5 Fungsi Transistor yang Perlu Diketahui Beserta Jenis-Jenis dan Cara Kerjanya,Hot,1
16 Arti Mimpi Buaya Sebagai Pertanda Baik atau Buruk Perhatikan Situasinya,Hot,1
12 Arti Mimpi Punya Anak Jadi Pertanda Baik,Hot,1
6 Arti Mimpi Mantan Menikah dengan Orang Lain Pertanda Baik?,Hot,1
Promotor adalah Pendukung Kenali Perannya dalam Berbagai Kepentingan,Hot,1
Arti Kun Fayakun dan Surahnya dalam Al-Quran Bukti Kekuasaan Allah SWT,Hot,1
Yudisium adalah Tahap Penentuan Kelulusan Mahasiswa Ini Bedanya dengan Wisuda,Hot,1
Salafi adalah Kaum yang Menganut Manhaj Salaf Ini Rujukan dan Prinsip-Prinsipnya,Hot,1
Pengertian Bank Syariah Tujuan Fungsi dan Jenisnya yang Wajib Diketahui,Hot,1
6 Arti Mimpi Bertemu Ayah yang Sudah Meninggal Pertanda Perlu Perbaiki Diri?,Hot,1
Vibes adalah Suasana Perasaan Ini Contoh Penggunaannya,Hot,1
6 Manfaat Susu Dancow untuk Wajah Begini Membuat Maskernya,Hot,1
Pengertian Makrifat adalah Upaya Penghayatan kepada Tuhan Simak Tanda dan Macamnya,Hot,1
6 Potret Lawas Siti Badriah di Awal Karier Parasnya Bikin Pangling,Hot,1
7 Arti Mimpi Hujan Sering Dikaitkan dengan Datangnya Rezeki,Hot,1
Kembali Berhijab Ini 6 Potret Terbaru Sherrin Tharia Mantan Istri Zumi Zola,Hot,1
Arti Warna Hitam dalam Psikologi dan Pemakaiannya dalam Kehidupan,Hot,1
7 Arti Mimpi Melihat Hantu Bisa Jadi Pertanda Baik dan Buruk,Hot,1
7 Arti Mimpi Melihat Hantu Bisa Jadi Pertanda Baik dan Buruk,Hot,1
7 Arti Mimpi Melihat Hantu Bisa Jadi Pertanda Baik dan Buruk,Hot,1
Landscape adalah Posisi Foto dengan Orientasi Horizontal Ini Bedanya dengan Portrait,Hot,1
7 Arti Mimpi Dapat Uang Bisa Jadi Pertanda Baik dalam Hidup,Hot,1
8 Minuman untuk Redakan Batuk Kering Kurangi Ketidaknyamanan,Hot,1
7 Arti Mimpi Makan Sering Dikaitkan dengan Pertanda Baik,Hot,1
Tata Cara Sholat Tahajud dan Witir Lengkap Bacaan Niat serta Doanya,Hot,1
12 Cara Menghilangkan Batuk Berdahak dengan Cepat Gunakan Bahan Alami,Hot,1
7 Arti Mimpi Dikejar Anjing Penuh Makna Mengejutkan,Hot,1
6 Arti Mimpi Berjabat Tangan Pertanda Akan Naik Jabatan hingga Bertemu Jodoh,Hot,1
Arti Kata Healing dalam Bahasa Gaul dan Cara Melakukannya,Hot,1
10 Penyebab Sariawan di Lidah yang Jarang Diketahui Lengkap Pengobatannya,Hot,1
Tujuan Sumpah Pemuda Isi Ikrar dan Sejarahnya,Hot,1
6 Editan Foto ala Orang Indonesia di Paris Ini Bikin Ngakak,Hot,1
7 Arti Mimpi Naik Mobil Pertanda Mendapat Keberuntungan,Hot,1
Tata Cara dan Bacaan Doa Memandikan Jenazah Lengkap Laki-Laki dan Perempuan,Hot,1
3 Cara Beli Emas Antam Secara Online dan Langsung ke Tempat Enggak Ribet,Hot,1
Sibuk Syuting Ini 6 Momen Antonio Blanco Jr Kumpul Bareng Keluarga saat Ultah,Hot,1
Doa Sholat Tahajud Sesuai Sunah Lengkap Dzikir dan Tata Caranya,Hot,1
1 Jam Berapa Detik dan Menit? Begini Cara Menghitungnya,Hot,1
1 Yen Berapa Rupiah? Begini Cara Menghitung Nilainya,Hot,1
Bacaan Doa Tahajud Lengkap dengan Dzikir dan Keutamaannya,Hot,1
Kumpulan Doa Selamat Dunia Akhirat Lengkap Bisa Diamalkan Tiap Hari,Hot,1
6 Cara Promosi Penjual Telur Gulung Ini Kreatif Sekaligus Kocak,Hot,1
Tata Cara Sholat Duduk di Kereta dan Bus yang Benar Perhatikan Posisinya,Hot,1
Bacaan Duduk di Antara Dua Sujud yang Benar Beserta Artinya,Hot,1
Tuntunan Sholat Lengkap Bacaan Doanya dari Niat Hingga Tahiyat,Hot,1
7 Cara Mengatasi Ketindihan saat Tidur Kenali Penyebabnya,Hot,1
40 Ucapan Selamat Menikah untuk Sahabat yang Mengharukan,Hot,1
Doa Tahiyat Awal dan Akhir Versi NU dan Muhammadiyah,Hot,1
Niat Sholat Sunnah Sebelum dan Sesudah Sholat Fardhu Ketahui Keutamaannya,Hot,1
30 Tempat Wisata di Batu Malang yang Instagramable dan Kekinian,Hot,1
Congratulation artinya dalam Bahasa Indonesia Penggunaan dan Contohnya,Hot,1
7 Arti Mimpi Melihat Cahaya Bisa Jadi Pertanda Kebaikan,Hot,1
Contoh Essay Bahasa Indonesia Simak Pula Jenis-Jenis dan Cara Membuatnya,Hot,1
5 Cara Registrasi Kartu Axis Bisa Tanpa KK?,Hot,1
6 Arti Mimpi Tentang Sepatu Pertanda Akan Datang Rezeki,Hot,1
70 Kata-Kata Rayuan Gombal Lucu Singkat Receh tapi Romantis dan Bikin Baper,Hot,1
Cara Membuat KTP Syarat dan Aturan Barunya,Hot,1
Penyebab Sakit Maag pada Anak Gejala dan Cara Mengatasinya,Hot,1
7 Potret Mesra Ananda Omesh dan Istri yang Kini Sudah 13 Tahun Bersama,Hot,1
Mantan Iqbaal Ramadhan Ini 6 Potret Persahabatan Dianty Annisa dan Zidny Lathifa,Hot,1
Arti Muhasabah adalah Introspeksi Diri Simak Penjelasannya,Hot,1
Resmi Menjanda Ini 6 Fakta Perceraian Olla Ramlan dan Aufar Hutapea,Hot,1
70 Kata-Kata Romantis Ucapan Selamat Ulang Tahun untuk Pacar Manis dan Tulus,Hot,1
70 Kata-Kata Romantis Ucapan Selamat Ulang Tahun untuk Pacar Manis dan Tulus,Hot,1
Playing Victim Adalah Perilaku Manipulatif Kenali Ciri-Ciri dan Penyebabnya,Hot,1
7 Dampak Sering Begadang Bagi Anak Muda Turunkan Imunitas hingga Stroke,Hot,1
7 Arti Mimpi Rumah Pertanda Datangnya Rezeki hingga Bahaya,Hot,1
Urutan Takson yang Paling Tepat untuk Tumbuhan adalah Kingdom hingga Spesies,Hot,1
10 Arti Mimpi Hewan Bisa Jadi Pertanda Baik hingga Buruk,Hot,1
Tawakal Artinya Berserah Diri kepada Allah SWT Simak Contohnya,Hot,1
1 Dollar Berapa Rupiah Hari Ini? Begini Menghitungnya,Hot,1
6 Arti Mimpi Kehilangan Uang Bisa Jadi Pertanda Baik?,Hot,1
Cara Menonaktifkan IG Sementara di HP dan Laptop Tanpa Menunggu Lama,Hot,1
Annisa Pohan Alami Keguguran di Usia Kandungan 7 Minggu Ini Kronologinya,Hot,1
6 Cara Membuat Fried Chicken Ala Restoran di Rumah Empuk dan Renyah,Hot,1
16 Manfaat Daun Sirsak untuk Kesehatan Bisa untuk Obat Rematik,Hot,1
Gamon Adalah Bahasa Gaul Pahami Penggunaannya di Sosial Media,Hot,1
14 Manfaat Akar Alang-Alang sebagai Obat Berbagai Penyakit Aman tanpa Efek Samping,Hot,1
Tujuan Hidup Manusia Menurut Islam Berdasarkan Al-Quran dan Penjelasannya,Hot,1
12 Macam RAM dan Fungsinya Ketahui Pengertian Serta Perbedaannya,Hot,1
Apa itu Ekshumasi? Pahami Arti dan Perbedaannya dengan Autopsi,Hot,1
4 Cara Memindahkan Chat WhatsApp dari Android ke iPhone Tanpa Ribet,Hot,1
16 Arti Mimpi Digigit Ular Menurut Islam dan Primbon Jawa Pertanda Harus Waspada,Hot,1
Cara Cek Samsung Asli atau Tidak Cek Spesifikasi hingga Nomor IMEI,Hot,1
16 Tempat Wisata di Mojokerto Sarat Nilai Sejarah dan Masih Asri,Hot,1
Relate Artinya dalam Bahasa Gaul dan Istilah Bahasa Inggris Lainnya,Hot,1
Relate Artinya dalam Bahasa Gaul dan Istilah Bahasa Inggris Lainnya,Hot,1
12 Manfaat Kayu Manis dan Madu Baik untuk Kesehatan hingga Kecantikan,Hot,1
5 Manfaat Akar Bahar Baik untuk Kesehatan dan Aksesoris,Hot,1
Wisata Tangkuban Perahu Tempat Liburan Menawan Penuh Legenda,Hot,1
Manfaat Perencanaan dalam Berbagai Bidang Pengertian Serta Tujuannya,Hot,1
8 Cara Mengobati Amandel Tanpa Operasi dari Istirahat Hingga Minum Banyak Air Hangat,Hot,1
Cara Mendaftar Bantuan UMKM 2022 Online Ketahui Syarat dan Kriteria Target Penerima Bantuan,Hot,1
6 Cara Mengatasi Anyang-Anyangan dengan Cepat Aman dan Tanpa Efek Samping,Hot,1
Bacaan Doa Sholat Istikharah Jodoh Terbaik Lengkap Tata Caranya,Hot,1
11 Penyebab TV Tidak Ada Gambarnya Tapi Ada Suaranya Berikut Penjelasannya,Hot,1
82 Kata-Kata Sedih Menyentuh Hati Banget Ungkapan Penuh Makna,Hot,1
Cara Membaca Resistor Lengkap dengan Tabel Kode Warna Resistor,Hot,1
12 Manfaat Daun Karet Kebo Sebagai Pemurni Udara Hingga Pembawa Keberuntungan,Hot,1
80 Kata-Kata Lucu Banget Bikin Ketawa Ngakak Buat Naikin Mood,Hot,1
11 Bacaan Doa Menyambut Maulid Nabi Muhammad SAW Arab Latin dan Artinya,Hot,1
8 Tato Simple dan Artinya yang Mendalam Selipkan Pesan Rahasia,Hot,1
9 Cara Download YouTube Jadi MP3 yang Mudah Bisa Tanpa Aplikasi,Hot,1
Cara Melacak Lokasi Nomor HP Tanpa Diketahui Mudah dan Efektif,Hot,1
Cara Melacak Lokasi Nomor HP Tanpa Diketahui Mudah dan Efektif,Hot,1
15 Cara Memutihkan Wajah dalam 1 Minggu yang Mudah dan Aman,Hot,1
6 Potret Lesti Kejora Temani Rizky Billar Pasca Kasus KDRT Curi Perhatian,Hot,1
Cara Cek Pengeluaran di Gojek Setahun Terakhir Begini Langkah Mudahnya,Hot,1
Cara Mendapatkan Set Top Box atau STB TV Digital Gratis dari Pemerintah,Hot,1
Spin Maze Adalah Aplikasi yang Mengandung Malware Ketahui Cara Menghapusnya,Hot,1
Doakan Anak agar Mudah Paham Ilmu Agama,Islami,1
Ustaz Alhabsyi Ceritakan Jawaban Ali bin Abi Thalib Saat Ditanya tentang Sahabat,Islami,1
Waktu Berbuka Puasa dan Penjelasannya Berdasar Al-quran dan Hadits,Islami,1
Doa Nabi Muhammad SAW Sembuhkan Bagian Tubuh yang Sakit,Islami,1
Doa Nabi Muhammad SAW Sembuhkan Bagian Tubuh yang Sakit,Islami,1
Wafatnya Khadijah RA Istri Nabi pada 11 Ramadan dan Tahun Kesedihan,Islami,1
Quraish Shihab: Allah Tak Dapat Dilihat dengan Mata Tapi Iman yang Mantap,Islami,1
30 Kata Motivasi untuk Anak Rantau Penuh Makna Selalu Semangat,Islami,1
6 Makam Para Wali Penuh Karomah di Garut,Islami,1
Doa Sebelum Bekerja Disertai dengan Doa Agar Mendapat Pekerjaan,Islami,1
Doa Sebelum Bekerja Disertai dengan Doa Agar Mendapat Pekerjaan,Islami,1
Dzikir Pagi Pembuka Pintu Rezeki Kesehatan dan Dimudahkan Segala Urusan,Islami,1
8 Manfaat Minyak Kasturi Kesukaan Rasulullah,Islami,1
4 Jenis Hadis Berdasarkan Keasliannya Pahami agar Terhindar dari Hadis Palsu,Islami,1
Ramadhan Sudah Dekat Ketahui Manfaat Dua Ayat Terakhir Surah Al Baqarah,Islami,1
Keistimewaan Umrah di Bulan Ramadan Pahalanya Serupa Ibadah Haji,Islami,1
Doa Setelah Mengerjakan Salat Witir Arab Latin dan Artinya,Islami,1
Waktu Terbaik Sholat Tahajud pada Sepertiga Malam Jam Berapa?,Islami,1
5 Bacaan Doa Agar Diberi Kesembuhan Kembali Sehat dan Diampuni Dosa-Dosanya,Islami,1
Reza Arap Pernah Mati Suri Selama 12 Jam,Islami,1
Ini Bacaan Doa Zikir Setelah Sholat Bisa Diamalkan Secara Rutin,Islami,1
4 Doa untuk Orang Sakit Agar Cepat Sembuh,Islami,1
Doa agar Suami Setia dan Tak Selingkuh,Islami,1
Tata Cara Sholat Tasbih Serta Doa yang Dibaca 300 Kali,Islami,1
Kumpulan Doa Memohon Kesembuhan dari Sakit yang Diajarkan Rasulullah SAW,Islami,1
Baca Doa-Doa Ini untuk Menghilangkan Pikiran Kotor,Islami,1
Daftar Tarif Tol Trans-Jawa 2022 yang Wajib Diketahui Pemudik,Islami,1
Baca Doa Ini Saat Pikiran Pusing Banyak Masalah,Islami,1
Variasi Gaya Hubungan Intim Ketahui Posisi Terbaik dalam Islam Agar Makin Harmonis,Islami,1
Tata Cara dan Niat Sholat Qobliyah Subuh atau Sholat Fajar Keutamaannya Mengalahkan Dunia dan Isinya,Islami,1
Bacaan Niat dan Tata Cara Sholat Hajat Beserta Doanya Insya Allah Makbul,Islami,1
Bacaan Doa Setelah Sholat Tahajud Rasulullah SAW Arab Latin dan Artinya,Islami,1
Drama Memilukan Ketika Ayahanda Abdullah Wafat Tinggalkan Nabi Muhammad dalam Kandungan Aminah,Islami,1
Sinopsis Film Nariti: Romansa Danau Toba yang Angkat Isu Toleransi,Islami,1
Pencinta Drakor di Jawa Tengah Ini 10 Fakta Choi Woo Shik,Jateng,1
Akhir Cerita Film Korea 2037 Bikin Warganet Bertanya-Tanya Seperti Apa?,Jateng,1
Bulan Muharam dan Peristiwa Tragis Terbunuhnya Cucu Nabi Husein bin Ali dalam Tragedi Karbala,Jateng,1
10 Rumah Sakit di Surabaya Sediakan Pengobatan HIV Gratis,Jatim,1
Cerita Pengalaman Mistis Bocah di Atas Pesawat Menuju Malang,Jatim,1
Menikmati 6 Candi Peninggalan Kerajaan Majapahit Rekomendasi Wisata Keluarga di Jawa Timur,Jatim,1
Festival Teluk Palu Ruang Ekspresi Aneka Kultur Masyarakat Palu,Lifestyle,1
Buras Makanan Khas Suku Bugis yang Wajib Ada Saat Hajatan,Lifestyle,1
Harga Jual Batu Akik Motif Junjung Derajat Capai Rp 500 Juta,Lifestyle,1
Dilego Seharga 2 Mobil Warga Bengkulu Ogah Lepas Batu Akiknya,Lifestyle,1
6 Suara Mistis di Rumah dan Penyebabnya,Lifestyle,1
Istri Jangan Katakan 9 Hal Ini kepada Suami,Lifestyle,1
Ini 10 Tanda dari Pasangan yang Benar-benar Bahagia,Lifestyle,1
Benar atau Salah 12 Hal Ini Mampu Melihat Kadar Cinta Pasangan,Lifestyle,1
10 Hal tentang Pria dan Seks yang Harus Dipahami Wanita,Lifestyle,1
Para Istri Begini Caranya Membuat Suami Memenuhi Permintaan Anda,Lifestyle,1
Bahasa Tubuh yang Menandakan Dia Tertarik dengan Anda,Lifestyle,1
14 Trik Berpose Ini akan Buat Anda Tampak Lebih Kurus Dalam Foto,Lifestyle,1
Jika Tubuh Anda Tiba-Tiba Tersentak Saat Tidur Ini Penyebabnya,Lifestyle,1
8 Tanda Anda Terjebak dalam Zona Nyaman Percintaan Apa Saja?,Lifestyle,1
Pria Mencium Tanpa Peringatan Tanda Apa?,Lifestyle,1
Sering Terbangun pada Jam yang Sama Setiap Malam? Ini Maknanya,Lifestyle,1
10 Pertanyaan yang Bikin Si Dia Penasaran dengan Anda,Lifestyle,1
Bukan Mr. P Ini Bagian Tubuh Pria Paling Seksi Menurut Wanita,Lifestyle,1
Apa yang Terjadi Jika Anda Memijat Titik Ini di Kening Anda?,Lifestyle,1
12 Alasan Psikologis Bagaimana Seseorang Jatuh Cinta Pada Anda,Lifestyle,1
7 Tanda-Tanda Anda Akan Segera Dilamar,Lifestyle,1
6 Gaya Tidur Ini Gambarkan Kepribadian Anda,Lifestyle,1
Ketahui 11 Tanda Pasangan Bukanlah Jodoh Anda,Lifestyle,1
8 Langkah Permainan Lidah untuk Dapatkan Ciuman yang Sempurna,Lifestyle,1
6 Hal yang Boleh dan Tidak Boleh Dilakukan Saat Kencan Pertama,Lifestyle,1
Ternyata Ini Lama Waktu yang Ideal untuk Ciuman,Lifestyle,1
10 Tanda-Tanda Adanya Kebohongan yang Patut Anda Ketahui,Lifestyle,1
Intip Kecocokan Zodiak dari Elemennya,Lifestyle,1
Ini Saran Ahli Saraf agar Anda Hidup Lebih Bahagia,Lifestyle,1
Hapalkan 8 kosakata Ini Kalo Mau Dibilang Anak Gaul,Lifestyle,1
10 Area Tubuh Wanita yang Paling Menarik bagi Kaum Pria,Lifestyle,1
Sebelum Tidur Lakukan 5 Hal Ini pada Rambut Anda,Lifestyle,1
Usir Kutu Kasur atau Tungau dengan 10 Cara Jitu Berikut Ini,Lifestyle,1
Setiap Bulan Lahir Punya Warna dan Makna Anda Bagaimana?,Lifestyle,1
Apakah Status Tunangan dalam Waktu Lama Baik untuk Hubungan?,Lifestyle,1
4 Pekerjaan Paling Tepat bagi Orang Sensitif,Lifestyle,1
6 Hal Vital yang Bisa Diketahui Wanita dari Tangan Pria,Lifestyle,1
6 Rekomendasi Tempat Latihan Menembak di Jabotabek Siapa Mau Coba?,Lifestyle,1
50 Arti Nama Bayi Islami Laki-laki dan Perempuan Bisa Jadi Inspirasimu,Lifestyle,1
19 Kata-kata Sindiran Bijak Para Tokoh Sentil Kehidupanmu dan Orang di Sekitarmu,Lifestyle,1
22 Kata-kata Kehilangan Seseorang yang Kita Sayang Menyentuh Hati,Lifestyle,1
13 Kata-kata Gombal Lucu Bikin Ngakak Lemas Pacar Jadi Makin Sayang,Lifestyle,1
Arti Tanda Tangan Mampu Melihat Kepribadian Seseorang Ini 7 Maknanya,Lifestyle,1
4 Manfaat Minyak Zaitun Untuk Bibir Tampak Merah Merona Secara Alami,Lifestyle,1
4 Cara Mencerahkan Wajah dengan Madu Murah dan Mudah Dipraktikkan,Lifestyle,1
Putra Bungsu Bambang Trihatmodjo Nikahi Bos Kosmetik,Lifestyle,1
Nagita Slavina Tampil Menawan dengan Gaun Berhiaskan Kristal,Lifestyle,1
Alasan Cowok Lebih Tertarik pada Cewek yang Tertawa Kepadanya,Lifestyle,1
6 Fakta Unik Air Mata yang Wajib Kamu Tahu Salah Satunya Bisa Pengaruhi Orang Lain,Lifestyle,1
Serupa tapi Tak Sama Apa Perbedaan Lada Merica dan Ketumbar?,Lifestyle,1
6 Tanda Kasat Mata Saat Pria Naksir Anda,Lifestyle,1
Ridwan Kamil Unggah Video Dalang Bule Ganteng Siapa Dia?,Lifestyle,1
5 Alasan Orang Jatuh Cinta pada Aquarius Termasuk Anda?,Lifestyle,1
6 Produk Tas Lokal yang Mendunia,Lifestyle,1
4 Bahan Alami Pengusir Tungau di Kasur,Lifestyle,1
6 Macam Jaket yang Perlu Anda Ketahui,Lifestyle,1
Kota di Indonesia Tak Masuk Dalam Daftar 50 Kota Terindah di Dunia,Lifestyle,1
6 Jenis Teh yang Cocok untuk Mengusir Mual,Lifestyle,1
6 Judul Buku Anak Legendaris Enid Blyton yang Bikin Kangen Masa Kecil,Lifestyle,1
6 Tips Mencintai Pasangan Tanpa Sikap Posesif,Lifestyle,1
6 Tampilan Selebritas Berkebaya di Hari Kartini dari Mayangsari hingga Acha Septriasa,Lifestyle,1
2 Permen Keluaran Grup Nestle Bakal Ganti Nama karena Dianggap Rasis,Lifestyle,1
Stroberi Putih Dijual Rp140 Ribu per Buah Apa Kelebihannya?,Lifestyle,1
Nama Putra Kedua Raja Bhutan Akhirnya Diumumkan Setelah 4 Bulan Kelahirannya,Lifestyle,1
Di Balik Aroma-Aroma Khas Ruangan Hotel di Dunia,Lifestyle,1
6 Hal tentang Toilet yang Wajib Diketahui Saat ke Luar Negeri,Lifestyle,1
Cantik tapi Galak Ini 4 Sifat Unik Si Kucing Siam,Lifestyle,1
Apa Saja Aturan Membawa Powerbank ke Kabin Pesawat?,Lifestyle,1
6 Fakta Menarik tentang Kupang dari Kota Toleransi sampai Sei Sapi,Lifestyle,1
6 Fakta Menarik tentang Merauke dari Kota Rusa hingga Papeda,Lifestyle,1
6 Fakta Menarik tentang Surakarta yang Lebih Dikenal dengan Solo,Lifestyle,1
5 Rekomendasi Serum untuk Kulit Kering dan Beruntusan,Lifestyle,1
Selain Ketombe dan Jamur Ini Lho Penyebab Kulit Kepala Seringkali Gatal-Gatal,Lifestyle,1
6 Fakta Menarik Tojo Una-Una Punya Lokasi Menyelam Peninggalan Perang Dunia II,Lifestyle,1
Minyak Goreng Sawit Ekolabel Apakah Benar-Benar Ramah Lingkungan dan Sosial?,Lifestyle,1
6 Fakta Menarik Kabupaten Bangli Satu-satunya Wilayah yang Tak Berpantai di Bali,Lifestyle,1
Buka Restoran Baru Gordon Ramsay Dikecam Karena Harganya Kemahalan,Lifestyle,1
Sejarah Salat 5 Waktu yang Dilaksanakan Pertama Kali oleh Para Nabi,Lifestyle,1
Pemandangan 360 Derajat di Taman Langit Pangalengan Pesona Prau-nya Kabupaten Bandung,Lifestyle,1
Berdayakan Masyarakat Melalui Program Charity Learning Festival,Lifestyle,1
Cerita Akhir Pekan: Menjaga Kesehatan Mental Ibu di Masa Pandemi,Lifestyle,1
Lembut di Mulut Ini Dia 4 Resep Puding Buah yang Enak dan Segar,Lifestyle,1
10 Hal yang Gampang Dipraktekkan Agar Kamu Ganteng Maksimal,Lifestyle,1
6 Oleh-Oleh Khas Boyolali Hasil Olahan Susu dan Daging Sapi Lokal,Lifestyle,1
6 Fakta Menarik Kubu Raya Pusat Kesultanan yang Menghilang Setelah Indonesia Merdeka,Lifestyle,1
6 Tempat Wisata Hits Jakarta Pas Dinikmati Bareng Keluarga,Lifestyle,1
Pameran Instalasi Kreatif di Pop Art Jakarta 2022 Tiketnya Gratis,Lifestyle,1
Begini Cara Pakai dan Isi Ulang Kartu JakLingko untuk Naik Angkot hingga MRT di Jakarta,Lifestyle,1
Dinding Bata Hamilton Hotel Diduga Jadi Pemicu Tragedi Halloween di Itaewon Korea,Lifestyle,1
Brightspot Market 2022 Digelar di Rooftop Plaza Senayan Hadirkan 209 Brand Lokal Terkurasi,Lifestyle,1
Adu Gaya 2 Anak Presiden yang Pernah Jalani Pemotretan Prewedding di Istana Bogor,Lifestyle,1
Berita Politik Hukum Dunia International,Indonesia,1
Berita Politik Hari Ini Nasional,Kabar,1
26-12-2004: Saat Gelombang Tsunami Menggulung Aceh,News,1
Populasi Elang Jawa Bertambah Meski Dihantui Pemburu Liar,News,1
Kalimaya The Queen of Gemstone,News,1
Metamorfosis Keroncong,News,1
Jenazah Nenek Hindun Ditelantarkan Warga Setelah Pilih Ahok,News,1
Menag: Toleransi di Indonesia Bukan Imajinasi tapi Fakta Nyata,News,1
4 Senjata Canggih Indonesia yang Bikin Dunia Segan,News,1
HMI CGMI dan Ancaman PKI Pakai Sarung,News,1
Kisah Haru di Balik Eksekusi Duo Bali Nine 4 Tahun Silam,News,1
Ini Kode untuk Pelanggan Prostitusi Online Violet via Whatsapp,News,1
18 Juli 2013: Mimpi Fathanah-Septy Sanustika tentang Bilik Asmara Kandas di KPK,News,1
Pelajar SMK di Bekasi Tewas Saat Tawuran,News,1
Pentingnya Ruang Terbuka Hijau untuk Warga Perkotaan Seperti Jakarta,News,1
Hendak Demo Omnibus Law Pelajar Tepergok Polisi Bawa Tembakau Gorila dan Katapel,News,1
Polisi Periksa Saksi Kunci Pengendara Mercy yang Tabrak Pesepeda di Bundaran HI,News,1
Tertembak di Wajah Petinju Macho Mati Otak,News,1
Diusulkan Terima Nobel Perdamaian 2022 Muhammadiyah: Suatu Kehormatan,News,1
Memahami Makna 99 Asmaul Husna Beserta Artinya,News,1
Transjakarta Tutup Sementara 9 Halte Mulai 15 April 2022,News,1
Terminal Kedatangan Luar Negeri Bandara Soetta Padat Diwarnai Pingsan dan Tangis,News,1
4 Fakta Grafik Konsorsium 303 yang Seret Nama Ferdy Sambo hingga Anggota Polri Lainnya,News,1
Tragedi Kanjuruhan Akan Diusut Tuntas Tak Biarkan Kejadian Serupa Terulang,News,1
Ajudan Ungkap Anak Keempat Ferdy Sambo dan Putri Candrawathi adalah Anak Adopsi,News,1
Digitalisasi di Tanah Mama Papua Bukan Isapan Jempol Ini Buktinya!,News,1
Ibu Brigadir J Angkat Kisah Istri Potifar yang Fitnah Pelecehan Seksual Joseph,News,1
Cerita ART Ferdy Sambo Buang Darah Brigadir J ke Toilet dan Temukan Benda Mirip Beling,News,1
Heru Budi soal Muncul Karangan Bunga Nepotisme dan Si Cantik: Tidak Perlu Gegabah,News,1
Lanjutkan Kunjungan Kerja di Timur Tengah Ma'ruf Amin Tiba di Kairo,News,1
Pakar Hukum Nilai Jaksa Tak Seharusnya Ancam ART Ferdy Sambo Jadi Tersangka,News,1
Kronologi Kecelakaan Uje di Pondok Indah,News,1
Malaysia Usir 328 TKI Bermasalah ke Tanjungpinang,News,1
Jip Perang Ini Mejeng di Lapak Online,Otomotif,1
Jangan Isi Radiator Mobil Bekas dengan Coolant,Otomotif,1
Membandingkan Kualitas Bio Solar Dexlite dan Pertamina Dex,Otomotif,1
Tidak Laku Bintang Terminator Banting Harga Mercy Unimog,Otomotif,1
Pengguna Honda CBR150R Thailand Sulit Cari Sparepart,Otomotif,1
Tingkatkan Akselerasi Jupiter MX 135 dengan Cara Ini,Otomotif,1
Lacak Status BPKB dan STNK Konsumen Honda Bisa Cek via Online,Otomotif,1
Cara Hilangkan Suara Berisik dari Bodi Motor yang Kendor,Otomotif,1
Tips Beli Cash Sepeda Motor Tanpa Harus Dipermainkan Sales Nakal,Otomotif,1
Touring Pakai RX King Hati-Hati dengan Cuaca,Otomotif,1
Ada Lima SIM di Indonesia untuk Kendaraan Apa Saja?,Otomotif,1
Pasang Sunroof di Mobil Kesayangan Berapa Biayanya?,Otomotif,1
4 Cara Mengetahui Busi Motor Masih Baik atau Tidak,Otomotif,1
Mengenal Perbedaan Knalpot Motor Slip On dan Full System,Otomotif,1
Harga Motor Honda Terbaru dan Terlengkap 2018 Baru dan Bekas Ada!,Otomotif,1
Mengenal Jenis-Jenis Motor Dua Alam,Otomotif,1
Begini Caranya Menghindari Jalur Ganjil-Genap Menggunakan Google Maps,Otomotif,1
Harga Beda Tipis Pilih Kawasaki Ninja 250SL atau Honda CBR 150R ABS?,Otomotif,1
Mengenal Beragam Penyebab Oli Rembes pada Motor 2-Tak,Otomotif,1
Kaca Helm Berembun Saat Hujan Begini Cara Mengatasinya,Otomotif,1
Cara Jitu Mengilapkan Mika Lampu Motor yang Kusam dan Menguning,Otomotif,1
Mobil Matik Tiba-Tiba Tak Mau Maju Mungkin Ini Penyebabnya,Otomotif,1
Catat Ini Jam Operasional Pelayanan Samsat Terbaru,Otomotif,1
Warga Amerika Serikat Ogah Beli Mobil Baru Ini Alasannya,Otomotif,1
Jangan Sembarangan Perhatikan 8 Hal Ini Saat Menggunakan Smart Key pada Motor,Otomotif,1
Ini Akibatnya Jika Pasang Busi yang Tidak Sesuai Spesifikasi,Otomotif,1
Yamaha Exciter 155 VVA Diperkenalkan Harga Mulai Rp28 Jutaan,Otomotif,1
3 Langkah Jitu Mengatasi Aki Mobil Bau dan Panas,Otomotif,1
Honda Civic 2022 Meluncur Pakai Mesin Turbo dan Fitur Sensing,Otomotif,1
Toyota AE86 Trueno Sitaan Dilelang Negara Segini Harganya,Otomotif,1
,Liga,1
,Indosiar,1
6 Tanaman Penolak Kekuatan Jahat,Photo,1
Kesepakatan Kerjasama Perusahaan Indonesia dan China di Bidang Energi dan Listrik,Photo,1
FOTO: Sederet Artis Wanita yang Pede Berpakaian Seksi,Photo,1
FOTO: Umat Kristen Pakistan Rayakan Natal,Photo,1
Pesona Suga BTS dengan Rambut Gondrong Aura Ketampanannya Bikin Salfok - Awas Lupa Kedip!,Photo,1
Kehangatan Pierce Brosnan Bareng Anak Istri Sahabat hingga Raline Shah,Photo,1
Bertambah Usia Cut Tari Makin Terlihat Cantik dan Awet Muda,Photo,1
Diguyur Hujan Lebat 4 RT di Jakarta Terendam Banjir hingga 50 Cm,Photo,1
Apa Pekerjaan Kevin Osmond Suami Grace Natalie?,Pileg,1
Alasan Anies Baswedan Kunjungi Markas FPI,Pilkada,1
Al-Qur'an Surat Ar,dan,1
Al-Qur'an Surat At,dan,1
Al-Qur'an Surat At,dan,1
5 Fakta Menarik Kraton Gunung Kawi Pertapaan Para Raja,Surabaya,1
12 Tingkah Zodiak Saat lagi Kangen Ada yang Gengsinya Kelewatan,Hot,1
Petani di Surabaya Panen Tomat Servo Apa Keunggulannya?,Surabaya,1
Fungsi Java di PC Kenali Kelebihan dan Kekurangannya,Hot,1
60 Kata-kata Mutiara Motivasi Hidup Sebagai Inspirasi Penuh Pembelajaran,Hot,1
6 Momen Atta Halilintar dan Aurel Hermansyah Liburan di Jogja Romantis Naik Perahu,Hot,1
Biografi Jendral Sudirman Singkat dari Awal Hidup Perjuangan hingga Kematian,Hot,1
12 Font Lucu untuk Anak Gunakan Sesuai Kebutuhan,Hot,1
Cara Menulis Daftar Pustaka dari Internet dengan Format APA Lengkap dengan Contohnya,Hot,1
Cara Burning CD yang Benar di Laptop Windows dan Mac,Hot,1
60 Kata-Kata Gombal Bikin Baper Buat PDKT yang Romantis dan Lucu,Hot,1
18 Cara Membuat Kue Kering yang Enak dan Gampang Cocok Dibuat di Rumah,Hot,1
Cara Mengatur Margin Skripsi di Microsoft Word dengan Mudah dan Cepat,Hot,1
Pengertian Makna Konotatif dan Denotatif Beserta Contohnya Berikut Penjelasannya,Hot,1
Cara Print Amplop Pakai Microsoft Word Cepat dan Tanpa Ribet,Hot,1
Konsep adalah Ide yang Diabstrakkan dari Peristiwa Konkret Ini Penjelasannya,Hot,1
NTR adalah Gambaran Kisah Cinta dalam Anime Pahami Lebih Jauh,Hot,1
OEM adalah Produsen Peralatan Asli Ketahui Bedanya denan Ori dan KW,Hot,1
12 Penyebab Sering Buang Air Kecil Tapi Sedikit Begini Pertolongan Pertamanya,Hot,1
Spiritual adalah Melihat ke dalam Batin Simak Faktor Pemengaruh dan Contohnya,Hot,1
10 Cara Screenshot di Laptop Begini Agar Hasilnya Panjang,Hot,1
200 Nama FF Keren dan Artinya Estetik Penuh Gaya,Hot,1
Contoh Manfaat Penelitian Teoritis dan Praktis Simak Penjelasannya,Hot,1
Surabaya Catat 1.782 Ton Sampah Setiap Hari,Jatim,1
Bacaan Rukuk dan Sujud dalam Sholat Beserta Artinya Wajib Dipahami,Hot,1
Tujuan Amandemen UUD 1945 dan Sejarahnya Ketahui Alasan Perubahannya,Hot,1
Contoh Review Jurnal yang Benar Lengkap dengan Cara Membuatnya,Hot,1
5 Contoh Deskripsi Diri PPPK Guru Lengkap dengan Syarat dan Cara Daftar,Hot,1
Makan Korban Tarian Mistis Calonarang Tak Dipentaskan Lagi,Regional,1
Layanan Terlarang PSK Pria Semarang,Regional,1
3 Seni Rakyat Jawa yang Melibatkan Roh Halus,Regional,1
Ada Lafaz Allah di Langit Saat Penjemputan Mbah Fanani,Regional,1
2 Bayi Harimau Benggala Butuh Orangtua Angkat Siapa Berminat?,Regional,1
Cerita di Balik Beringin Putih dan Gelar Baru Candi Borobudur,Regional,1
4 Pusaka Warisan Tokoh Mataram yang Diyakini Punya Kekuatan Besar,Regional,1
Curahan Hati Putra Sulung Manusia Kanibal dari Jambi,Regional,1
Begini Cara Kerja Jamu Kuat,Regional,1
Perjalanan Spiritual ke Situ Panjalu Ciamis Disambut Harimau Hitam Putih,Regional,1
3 Tahun Dipelihara Buaya Langka Senyulong Berpisah dengan Pemiliknya,Regional,1
Ketika Louhan Menjelma Jadi Predator Buas di Kolam Petambak Cilacap,Regional,1
Lantai Rumah Warga di Aceh Terasa Panas Ada Apa?,Regional,1
Pesan Mendalam Upacara Reba dan Nilai Luhur Budaya Masyarakat Ngada NTT,Regional,1
Ketika Orang Aceh Memaki Merindu dan Terkekeh-kekeh oleh Bahasa,Regional,1
MUI Yogyakarta Bantah Sarankan Jokowi Mundur,Regional,1
Kisah Guru di Pedalaman Papua Rogoh Kocek hingga Rp 5 Juta untuk Ongkos ke Kota,Regional,1
Jangan Ada Kopi Renteng di Antara Kita,Regional,1
Pagi di Kebun Jeruk Gerga Kerinci yang Punya Rasa Nano-Nano,Regional,1
Adu Musikalitas Ini Tren Genre Musik Band Pelajar di Yogyakarta,Regional,1
Kepala SMKN di Garut Bawa Pistol Apa Pemicunya?,Regional,1
Ratusan Petani di Garut Semringah Dapat Izin Garapan Lahan Negara,Regional,1
Menggugat Tanggung Jawab Sosial Pabrik Semen di Aceh Besar,Regional,1
Kementerian ESDM Angkat Bicara soal Tingginya Biaya Penerbitan SLO Sambung Listrik di Gorontalo,Regional,1
Mengungkap Fakta Kapal Hantu Medan,Regional,1
Kebun Binatang Bandung Sudah Dibuka untuk Umum Cek Syarat dan Harga Tiketnya,Regional,1
Ilegal Drilling di Pulau Sumatra Ancaman dan Langkah Cepat SKK Migas,Regional,1
Usaha Tas Kulit Bandung Sukses Keliling Negeri Berkat Keandalan Jasa Ekspedisi,Regional,1
Sosok Penting KH Sanusi dan Pelurusan Sejarah Makam Cut Nyak Dien di Sumedang,Regional,1
7 Rekomendasi Drama Korea yang Dibintangi Park Seo Joon,Regional,1
Mengenal Kang The Conqueror Karakter Villain yang Hebohkan Marvel Cinematic Universe,Regional,1
Legenda Orang Bunian dan Kisah Perburuan Sejak Zaman Kolonial Mitos atau Fakta?,Regional,1
,Para,1
2 Versi Kisah Saritem yang Kerap Dikaitkan dengan Lokalisasi Tersohor di Bandung,Regional,1
Siswi SLB di Blora 2 Kali Hamil Diperkosa Sudah 2 Tahun Pelakunya Belum Juga Tertangkap,Regional,1
Ganjar Pranowo Tak Pernah Datang Rapat Dengan DPRD Jateng Sibuk 'Nyapres'?,Regional,1
Hati-hati Gua di Bandung Ini Larang Pengunjung Ucapkan Kata 'Lada',Regional,1
Rekor Kelulusan Double Degree FEB Undip Akhirnya Pecah,Regional,1
Pemegang Saham Cashlez Teddy Setiawan Jual Saham CASH Rp 19 Miliar,Saham,1
Trivia Saham: Jangan Salah Ini Beda Harga Saham dan Nilai Nominal,Saham,1
Bursa Gembok Perdagangan Saham SLIS,Saham,1
Harga Saham GOTO Kembali Menghijau pada Sesi I Hari Ini 3 November 2022,Saham,1
10 Tokoh Jahat Disney Paling Dikenang (Bag. 2 5-1),ShowBiz,1
Reuni Tokoh-tokoh Harry Potter Lihat Wajah Asli Mereka Sekarang,ShowBiz,1
Foto Bugil 10 Artis Indonesia yang Beredar di Internet,ShowBiz,1
Foto Bugil 10 Artis Indonesia yang Beredar di Internet,ShowBiz,1
10 Artis Indonesia yang Dinikahi Pria Bule,ShowBiz,1
Tak Sengaja 10 Celana Dalam Artis Ini Kelihatan,ShowBiz,1
3 Film The Hobbit Habiskan Rp 96 Triliun Baik atau Buruk?,ShowBiz,1
Beyonce Goyang Bokong Bergetar,ShowBiz,1
Eminem Menyesal Ancam Perkosa Iggy Azalea,ShowBiz,1
Foto-foto Memalukan Seleb Hollywood Tessa Ogah Kasih Selamat,ShowBiz,1
"""Club Eighties"" Tampil Tak Senonoh",ShowBiz,1
Selalu Ditutup Wig Sia Akhirnya Tunjukkan Wajah Asli,ShowBiz,1
Kanye West Bocorkan Rahasia Kim Kardashian Tentang Hal Ini,ShowBiz,1
Demi Dini Indra Brugman Keluar dari Contoh,ShowBiz,1
Rika Ikut Senam Kateda,ShowBiz,1
Femmy Permatasari Mengurung Diri,ShowBiz,1
4 Lagu K-Pop dengan Lirik Berbau Seks,ShowBiz,1
6 Anime Mecha Paling Populer di Dunia,ShowBiz,1
Kisah 10 Artis Panas Bintang Film Lawas,ShowBiz,1
Kisah 10 Artis Panas Bintang Film Lawas,ShowBiz,1
Shah Rukh Khan Blak-blakan Soal Perasaannya terhadap Kajol,ShowBiz,1
Selim dan Zaenab Tebar Pesona Isyarat Elif Season 2 Masih Lanjut,ShowBiz,1
10 Artis Dunia yang Pernah Jadi Bintang Porno,ShowBiz,1
Benarkah Batman Sempat Bercinta dengan Ibu Superman?,ShowBiz,1
Naruto Luncurkan Kisah di Pemandian Air Panas,ShowBiz,1
6 Artis Hollywood yang Tampan tapi Bau Badan,ShowBiz,1
Bom Turki Raline Shah Sedih karena Ayah,ShowBiz,1
Lama di Inggris Maudy Ayunda Penasaran Tempat Indah di Indonesia,ShowBiz,1
Skandal Seks Terbongkar 6 Artis Hollywood ini Harus Bayar Mahal,ShowBiz,1
Mengenang Para Pemain Film Harry Potter yang Meninggal Dunia,ShowBiz,1
Cerita Janda Elvis Presley yang Cinta Mati pada Sang Raja,ShowBiz,1
Cerita Sedih di Balik Lagu Nge-hits Big Bang Rilis 2016,ShowBiz,1
Uus Bongkar Kehidupan Istrinya Sebelum Menikah,ShowBiz,1
10 Artis Cantik dan Seksi Bollywood dengan Pendapatan Selangit,ShowBiz,1
Cerita Tak Terlupakan Adegan Ciuman 10 Aktor Tampan Korea,ShowBiz,1
6 Sekuel Film Horor dengan Adegan Seks dan Sadis Lebih Tegang,ShowBiz,1
Kim Jaejoong JYJ Disebut Artis K-Pop Berbahaya,ShowBiz,1
6 Fakta Miris di Balik Pemakaman Yana Zein,ShowBiz,1
Demi Suspicious Partner Nam Ji Hyun Rela Tubuhnya Dibanting,ShowBiz,1
Usia Muda 4 Artis Korea Ini Rela Pamer Payudara Saat Akting,ShowBiz,1
Divonis Kanker Paru Gitaris Rolling Stones Siap-Siap Meninggal,ShowBiz,1
Bertabur Cinta Drama Baru Lee Jong Suk dan Suzy Laris Manis,ShowBiz,1
Ini 10 Artis K-Pop Tercantik yang Diakui Dunia,ShowBiz,1
10 Artis Cantik Korea dengan Bayaran Tertinggi Saat Ini,ShowBiz,1
Tak Pernah Tersorot Media Wajah Ayah Chicco Jerikho Bikin Gagal Fokus,ShowBiz,1
Simpan Cerita Cintanya Sung Hoon dan Song Ji Eun Telah Pacaran 1 Tahun?,ShowBiz,1
Soal Teori Konspirasi di Film Home Alone Ini Kata Macaulay Culkin,ShowBiz,1
Dragon Ball Super 131 Akhir Cerita yang Sesuai Harapan,ShowBiz,1
Wika Salim Beberkan Alasan Menikah dan Bercerai Diam-Diam,ShowBiz,1
Benci Tapi Rindu Uniknya Kisah Cinta Chikita Meidy dan Calon Suami,ShowBiz,1
Pertama Kali Konser di Indonesia TWICE Jadikan Momen Spesial,ShowBiz,1
Mantan Istri Habib Usman Bin Yahya Tak Kalah Cantik dari Kartika Putri,ShowBiz,1
Deretan Mantan Suami Nikita Mirzani Berseteru hingga Rebutan Hak Asuh Anak,ShowBiz,1
Saling Buka Aib Simak 6 Pengakuan Goo Hye Sun Vs Ahn Jae Hyun,ShowBiz,1
5 Fakta Hidup Freddie Mercury yang Bikin Geleng-Geleng Kepala,ShowBiz,1
Cassandra Lee dan 5 Aktris Berwajah Bule Keturunan Jawa Ini Aktingnya Kece,ShowBiz,1
Arie Kriting Cuma Bisa Melihat Adiknya Menikah Secara Online,ShowBiz,1
Anya Geraldine Pertama Kali Jadi Host Talkshow Jadi Sering Bercanda,ShowBiz,1
RM BTS Tembus Skor TOEIC 915 Kok Masih Merasa Dirinya Payah?,ShowBiz,1
Andre Taulany Beli Saham Muse Media Siap Terjun ke Bisnis Media Digital,ShowBiz,1
Luna Maya dan 6 Artis Ini Keranjingan Main Golf Nomor 3 Level Cantiknya Enggak Bisa Didebat,ShowBiz,1
Alasan yang Sebenarnya Ari Lasso Keluar dari Dewa 19,ShowBiz,1
7 Potret Terkini Mira Asmara Kakak Sahrul Gunawan di Sinetron Jin dan Jun,ShowBiz,1
Klinik Kecantikan Benings Clinic Milik Oky Pratama Dilirik Artis Ibu Kota Berkat Kecanggihannya,ShowBiz,1
Desiree Tarigan Tak Mau Rujuk dengan Hotma Sitompul Minta Tanah Ibunya Dikembalikan,ShowBiz,1
Cerita Tarra Budiman Dekati Gya Sadiqah yang Hampir Menikah,ShowBiz,1
Pengakuan Mantan Bintang Panas Windy Chindyana: Diajari Akting Sally Marcellina Klik dengan Ibra Azhari,ShowBiz,1
Profil 5 Bintang TVM Bidadari Malam SCTV Ada Anggika Bolsterli dan Rionaldo Stokhorst,ShowBiz,1
Nia Ramadhani dan Ardi Bakrie Divonis 1 Tahun Penjara Terkait Kasus Narkoba,ShowBiz,1
Seo Ye Ji Akhirnya Minta Maaf soal Skandalnya dengan Kim Jung Hyun Hampir Setahun Membisu,ShowBiz,1
Cerita Kim Sejeong Bertemu dengan Ayahnya yang Tinggal di Indonesia Setelah Berpisah Bertahun-tahun,ShowBiz,1
Alasan Ayah Mertua Ustaz Solmed Bersih-bersih Sebelum Meninggal: Ada Tamu Sudah Menunggu di Depan,ShowBiz,1
15 Rekomendasi Film China Mulai dari Aksi hingga Komedi Nonton Semuanya di Vidio,ShowBiz,1
Sinopsis 365 Days 2 Kemunculan Pria Ketiga di Hubungan Panas Laura - Massimo,ShowBiz,1
4 Potret Pertunangan Farhan Mantan Artis Cilik Pemeran Tuyul di FTV Gentabuana Era 2000-an,ShowBiz,1
5 Potret Sean Mikael Alexander Rayakan Ultah ke-17 Olla Ramlan dan Mantan Suami Kompak di Pesta Sang Anak,ShowBiz,1
Sudah Cerai Olla Ramlan dan Aufar Hutapea Kompak Pamer Foto Bareng Rayakan Idul Adha 2022,ShowBiz,1
Profil Go Yoon Jung yang Isunya Bakal Gantikan Jung So Min Jadi Aktris Utama Alchemy Of Souls,ShowBiz,1
Putra Siregar Dituntut 10 Bulan Penjara Atas Kasus Dugaan Pengeroyokan,ShowBiz,1
Vidhia R Rambah Dunia Tarik Suara Usai Viral di TikTok,ShowBiz,1
Sinopsis Bad Romeo Episode Terakhir Terungkap Sosok Ibu Kandung Kaokla dan Nasib Cintanya dengan Saikhim,ShowBiz,1
Saksikan Lokadrama Lara Ati Disutradarai Bayu Skak Tayang Senin 19 September 2022 Pukul 14.00 WIB Via Live Streaming SCTV di Sini,ShowBiz,1
Dewi Perssik Terang-terangan Bilang ke Rian Ibram Ingin Melahirkan Anak Mengaku Tak Butuh Harta Suami Barunya Kelak,ShowBiz,1
Lirik Lagu Gang Dolly dari Pak No dan Pak Ndut Plus Terjemahan Trending Nomor 1 Bekas Pacar di Lokalisasi,ShowBiz,1
Luna Maya Setuju Ariel NOAH Pacari Bunga Citra Lestari,ShowBiz,1
6 Fakta Nikita Mirzani Dijebloskan ke Penjara Atas Laporan Dito Mahendra Dibidik Pasal Berlapis,ShowBiz,1
Raffi Ahmad Minta Nagita Slavina Jangan Pernah Selingkuh Bilang: Sebandel-bandelnya Aku Cuma Mencuci Mata,ShowBiz,1
Sinopsis Rab Ne Bana Di Jodi Tayang Sabtu Pagi Ini Pria Lugu Makeover Jadi Keren Demi Rebut Hati Istrinya yang Dilanda Trauma,ShowBiz,1
Keanu Massaid Masukkan Alat Golf dan Topi ke Peti Jenazah Lucky Sondakh Tak Kuat Berada di Rumah Duka,ShowBiz,1
Keanu Massaid Masukkan Alat Golf dan Topi ke Peti Jenazah Lucky Sondakh Tak Kuat Berada di Rumah Duka,ShowBiz,1
Anime Kage no Jitsuryokusha ni Naritakute Episode 5 Jadi Tontonan Paling Dicari Begini Kisahnya,ShowBiz,1
Banyak Konser Musik dan Festival Terancam Batal Asosiasi Promotor Musik Indonesia Gercep Ambil Sikap,ShowBiz,1
Dewi Perssik Diminta Silaturahmi ke Lesti Kejora Sebagai Senior Usai Sayembara Rp 100 Juta dan Polisikan Emak-emak,ShowBiz,1
Hati Selena Gomez Remuk Obat Gangguan Bipolar yang Ia Minum Membuatnya Terancam Tak Dapat Hamil,ShowBiz,1
5 Momen Kebersamaan Nathalie Holscher dan Mantan Kekasih Sudah Dekat dengan Adzam,ShowBiz,1
11 Aktor Ini Perankan Presiden AS,ShowBiz,1
Nikita Mirzani Dikenal karena Take Me Out dan Siraman Air Panas,ShowBiz,1
Apa Iya Nikita Mirzani Meninggal Dunia?,ShowBiz,1
10 Tujuan Wisata yang Ada di Kenjeran Surabaya,Surabaya,1
6 Potret Pedangdut Intan Chacha Asal Blitar yang Cantik dan Memesona,Surabaya,1
Mau ke Lombok dari Banyuwangi? Cek Tarif Tiket Kapalnya di Sini,Surabaya,1
Kode Sejumlah Plat Nomor di Jatim Berubah Jombang Kini Jadi W,Surabaya,1
35 Tahun Tragedi Wirjo Pelaku Pembantaian Puluhan Warga Banyuwangi Dalam Sehari,Surabaya,1
Berita Angka Sial Hari Ini,Kabar,1
Berita Anthony Ginting Kalah Hari Ini,Kabar,1
Berita Aplikasi Shopee Error Hari Ini,Kabar,1
Berita Ayu Ting Ting Hari Ini,Kabar,1
Berita Brigadir J Hari Ini,Kabar,1
Berita Cara Delevingne Hari Ini,Kabar,1
Berita Cekbansos.kemensos.go.id Hari Ini,Kabar,1
Berita Confidential Assignment 2: International Hari Ini,Kabar,1
Berita Corona Hari Ini,Kabar,1
Berita Denny Caknan Hari Ini,Kabar,1
Berita Dimas Kanjeng Hari Ini,Kabar,1
Berita Ferdy Sambo Hari Ini,Kabar,1
Berita Ferdy Sambo Hari Ini,Kabar,1
Berita Gerard Pique Hari Ini,Kabar,1
Berita Harga Emas Hari Ini,Kabar,1
Berita harga minyak mentah Hari Ini,Kabar,1
Berita Hong Kong Hari Ini,Kabar,1
Berita Indonesia vs Australia Hari Ini,Kabar,1
Berita Indosat gangguan Hari Ini,Kabar,1
Berita Instagram Eror Hari Ini,Kabar,1
Berita Jadwal Liga Italia Hari Ini,Kabar,1
Berita Jeje Slebew Hari Ini,Kabar,1
Berita Kanye West Hari Ini,Kabar,1
Berita Kasper Schmeichel Hari Ini,Kabar,1
Berita kebakaran depok Hari Ini,Kabar,1
Berita kebakaran jakarta Hari Ini,Kabar,1
Berita kebakaran Jakarta Selatan Hari Ini,Kabar,1
Berita kebakaran solo Hari Ini,Kabar,1
Berita kecelakaan surabaya Hari Ini,Kabar,1
Berita Kecelakaan Tol Pekanbaru-Dumai Hari Ini,Kabar,1
Berita Kuljeet Randhawa Hari Ini,Kabar,1
Berita Manchester City Hari Ini,Kabar,1
Berita Manchester United vs Aston Villa Hari Ini,Kabar,1
Berita Manchester United Hari Ini,Kabar,1
Berita Manchester United Hari Ini,Kabar,1
Berita membuka acara SCTV Goes To Campus yang digelar di Kampus Universitas Airlangga Hari Ini,Kabar,1
Berita Michael Coste Hari Ini,Kabar,1
Berita MU Hari Ini,Kabar,1
Berita Natalie Foxee Hari Ini,Kabar,1
Berita Nikita Mirzani Hari Ini,Kabar,1
Berita Nikita Mirzani Hari Ini,Kabar,1
Berita Nunung Hari Ini,Kabar,1
Berita Pelabuhan Merak Hari Ini,Kabar,1
Berita Piala AFF U-19 2022 Hari Ini,Kabar,1
Berita Polres Trenggalek Hari Ini,Kabar,1
Berita Puncak Bogor Hari Ini,Kabar,1
Berita resesi adalah Hari Ini,Kabar,1
Berita Saham Bukalapak Hari Ini,Kabar,1
Berita Sandy Harun Hari Ini,Kabar,1
Berita Selena Gomez Hari Ini,Kabar,1
Berita sholawat Hari Ini,Kabar,1
Berita Soraya Larasati Hari Ini,Kabar,1
Berita Steven Seagal Hari Ini,Kabar,1
Berita susu formula Hari Ini,Kabar,1
Berita Timnas Indonesia Hari Ini,Kabar,1
Berita TKI Tewas di Turki Hari Ini,Kabar,1
Berita Tri Suaka Hari Ini,Kabar,1
Berita Video Kebaya Merah Hari Ini,Kabar,1
Begini Cara Melacak Alamat Email Seseorang,Tekno,1
Video Nakal YouTube Bersembunyi di Balik 'Irlandia',Tekno,1
Inilah Alat Penyadap Ponsel yang Sering Digunakan Intelijen,Tekno,1
9 Fakta Ilmiah di Film The Martian,Tekno,1
Cara Menggunakan Google Translate di WhatsApp versi Android,Tekno,1
Jangan Panik Ini yang Harus Dilakukan Jika Ponsel Jatuh,Tekno,1
Ketahui 5 Hal Penting Ini sebelum Menggunakan WiFi Publik,Tekno,1
Memori iPhone Penuh Begini Cara Mudah Membersihkannya,Tekno,1
Tanya Tekno: Cara Mematikan Getar dan Suara di Keyboard Android,Tekno,1
Cara Gampang Mengecek Ejaan Tulisan di Microsoft Word,Tekno,1
Ingin Lagu Favorit Jadi Nada Alarm di Android? Lakukan Cara Ini,Tekno,1
Begini Cara Matikan Notifikasi di iPhone yang Menganggu,Tekno,1
4 Nomor Ponsel Cantik Harga Selangit Paling Mahal Rp 281 Miliar,Tekno,1
Cara Mudah Bikin Suara Speaker iPhone Makin Jernih,Tekno,1
Luar Biasa Pesan Rahasia Ini Tersimpan di PS2 Hampir 2 Dekade,Tekno,1
5 Hal Ini Bisa Jadi Tanda Komputer Diserang Virus dan Malware,Tekno,1
Kelebihan dan Kekurangan Samsung Galaxy Note 9,Tekno,1
5 Manfaat Mode Do Not Distrub di iPhone,Tekno,1
Bluetooth di iPhone Kamu Mengalami Masalah? Tips Ini Patut Dicoba,Tekno,1
Cannibal Cafe Situs Jual Beli Daging Manusia yang Sempat Bikin Geger,Tekno,1
Kenali 5 Jenis Penipuan SMS dan Cara Mencegahnya,Tekno,1
Harga Samsung Galaxy A5 2017 dan Spesifikasi Ponsel Tahan Air dan Debu,Tekno,1
4 Cara Menambah Memori Internal iPhone Bikin Penyimpananmu Makin Luas,Tekno,1
Cara Membuat Aplikasi Android Sederhana dan Bisa Dibuat Sendiri,Tekno,1
5 Fitur Tersembunyi di Line Ini Jarang Diketahui Perlu Kamu Coba Trik Rahasianya,Tekno,1
"Tanya Tekno: Apa Solusi untuk ""Tegangan Daya terlalu Tinggi""?",Tekno,1
Pengguna Instagram Kini Kamu Bisa Setop Akses Data Pribadi ke Aplikasi Pihak Ketiga,Tekno,1
Ada Celah Keamanan di Android Aplikasi Kamera Bisa Diretas,Tekno,1
Beredar soal Hacker Bisa Ambil Alih Grup Chat WhatsApp Ini Faktanya,Tekno,1
Peneliti Keamanan Temukan Bug Berbahaya di Aplikasi SHAREit Versi Android,Tekno,1
Menguji Kebolehan Kamera 48MP Redmi Note 10 Seperti Apa Hasil Fotonya?,Tekno,1
Sony Batal Tutup Layanan PlayStation Store untuk PS3 dan PS Vita,Tekno,1
Cara Pakai Fitur View Once WhatsApp yang Baru Meluncur di iOS dan Android,Tekno,1
Jangan Sampai Salah Ini Tips Memilih Paket Berlangganan Netflix,Tekno,1
Cara Restart STB IndiHome untuk Dapat Kompensasi Akses Semua Channel dari Telkom,Tekno,1
Ingin Main eFootball 2022 di PC Cek Spesifikasi Minimum di Sini,Tekno,1
5 Modus Penipuan Online Ini Semakin Marak Terjadi,Tekno,1
Cara Mengetahui Password Tersimpan di Google Chrome,Tekno,1
Cara Mengetahui Password Tersimpan di Google Chrome,Tekno,1
AirPods 3 Resmi Hadir di Indonesia Berapa Harganya?,Tekno,1
Aplikasi PeduliLindungi Hilang dari App Store Tenang Kamu Bisa Instal via Link Ini,Tekno,1
Cara Cek Nomor WhatsApp Kita Diblokir Teman,Tekno,1
Kupas Kemampuan Snapdragon 680 yang Tertanam di Oppo Reno7,Tekno,1
Beli Kartu Pokemon Rp 75 Miliar YouTuber Logan Paul Diganjar Guinness World Records,Tekno,1
Deretan HP Xiaomi Ini Tak Akan Terima Pembaruan Software Apa Saja?,Tekno,1
Ramai Layanan WiFi Koin di Internet Apa Itu?,Tekno,1
Cara Pindahkan Riwayat Chat di WhatsApp Jika Ingin Ganti HP,Tekno,1
Cara Pindahkan Riwayat Chat di WhatsApp Jika Ingin Ganti HP,Tekno,1
Pengguna di Indonesia Kini Bisa Nonton Video Podcast di Spotify,Tekno,1
Waspada 8 Aplikasi Jahat Diam-Diam Kuras Duit Pengguna Android,Tekno,1
Cara dan Syarat Klaim Kode Redeem FF untuk Dapat Hadiah Gratis di Game,Tekno,1
Pengguna Bakal Bisa Pakai WhatsApp di iPad dan Tablet Android?,Tekno,1
Cara Setting STB TV Digital Gampang dan Enggak Ribet,Tekno,1
Banyak Akun Pengguna Mandadak Hilang Instagram Minta Maaf,Tekno,1
Ini Penyebab Instagram Down yang Sempat Bikin Panik Pengguna,Tekno,1
Pemerintah Buka Posko Respons Cepat Penanganan Bantuan STB Gratis di Jabodetabek Di Mana Saja?,Tekno,1
Piala Dunia 2022 Qatar dengan Siaran TV Digital Jadi Makin Bersih dan Jernih,Tekno,1
Daftar Harga Set Top Box TV Digital Tertarik Beli yang Mana?,Tekno,1
Vonis 15 Tahun untuk Afriyani Dipertanyakan,Video,1
Armada - Cinta Itu Buta,Video,1
Hubungan Indonesia-Australia Memanas SBY Batal Ke Australia,Video,1
Wanita Misterius Susui Bayi Korban Gempa Cina,Video,1
Fiona Yuan-Tanyakan Saja Pada Bulan,Video,1
